pickup_date,trip_distance,fare_amount,tip_amount,PULocationID,DOLocationID,ehail_fee,total_amount,payment_type
2008-12-31,15.81,90.3,6.95,1195,1523,0,112.65,11.0
2009-01-01,63.02,255.5,12.66,4294,4738,0,298.71,45.0
2010-09-23,5.05,112.5,0.01,679,617,0,115.21,7.0
2020-12-31,1.99,8.0,0.0,168,75,0,9.3,2.0
2021-01-01,5337.77,21609.32,2005.33,105570,132339,0,25312.43,917.0
2021-01-02,137525.07,35190.33,3498.58,197255,245489,0,41379.39,1746.0
2021-01-03,96001.77,25645.25,2653.44,139178,169726,0,30273.89,1078.0
2021-01-04,53938.46,58572.43,5958.14,323794,381494,0,69101.57,2070.0
2021-01-05,51789.5,61776.7,6239.61,332108,387124,0,72429.06,2089.0
2021-01-06,76617.79000000001,62190.62,6296.09,340148,403155,0,73453.28,2191.0
2021-01-07,22146.46,60782.39,6266.54,334441,389703,0,71680.06,2043.0
2021-01-08,701619.8,59096.68,5929.51,325230,375599,0,69764.14,2179.0
2021-01-09,88181.5,37470.66,3644.97,210961,257035,0,43967.04,1849.0
2021-01-10,6228.26,26397.38,2726.68,150333,190761,0,31459.22,1274.0
2021-01-11,167065.56,60756.23,6392.9,333003,396265,0,71979.49,2114.0
2021-01-12,30454.99,61512.96,6398.52,333563,398267,0,72755.92,2143.0
2021-01-13,215102.2,64058.85,6637.96,352187,405224,0,75721.51,2123.0
2021-01-14,14557.34,63102.63,6707.16,350938,414545,0,74750.8,2182.0
2021-01-15,13359.55,59552.43,6172.33,327423,379650,0,70424.23,2136.0
2021-01-16,35458.14,35073.86,3634.66,196718,241382,0,41567.340000000004,1771.0
2021-01-17,41516.27,28515.51,2942.1,153476,184090,0,33822.83,1207.0
2021-01-18,287817.31,39438.18,4095.05,209401,260122,0,46442.36,1394.0
2021-01-19,229064.05000000002,63394.98,3627.29,349533,412743,0,76565.57,1992.0
2021-01-20,25600.69,60778.14,2087.1,333525,396958,0,71919.58,1948.0
2021-01-21,165033.88,60339.77,2090.88,337482,397729,0,71226.54,2100.0
2021-01-22,17006.03,60822.76,2127.2,333475,396085,0,71694.89,2215.0
2021-01-23,8849.01,36384.19,1831.91,203839,248522,0,43073.29,1864.0
2021-01-24,6580.89,26327.92,1366.22,142331,182767,0,31375.32,1211.0
2021-01-25,83831.8,58260.57,1943.07,321422,378607,0,68673.5,1850.0
2021-01-26,73613.79,56526.909999999996,1967.02,300182,353756,0,66652.17,1814.0
2021-01-27,13682.83,61685.88,2197.27,345042,401531,0,72767.14,2080.0
2021-01-28,13431.01,60656.25,2495.42,330017,404284,0,72056.01,2253.0
2021-01-29,194224.25999999998,59749.28,2235.92,342331,399531,0,70697.85,2213.0
2021-01-30,184436.68,33691.97,1676.54,183423,225531,0,39599.6,1654.0
2021-01-31,66646.09,26382.84,1428.91,146753,189324,0,31302.73,1236.0
2021-02-01,1336.29,5950.58,254.58,31606,35014,0,6956.03,182.0
2021-02-02,4042.89,17174.53,1251.84,105497,134819,0,20822.63,1072.0
2021-02-03,112681.04,44678.87,2172.1,254424,298475,0,53007.43,1787.0
2021-02-04,14271.74,64529.71,2262.82,357440,400903,0,75932.13,2038.0
2021-02-05,12736.83,58456.52,2427.88,331017,384111,0,69213.19,2166.0
2021-02-06,8868.51,37868.33,1970.36,212078,260990,0,44722.81,1933.0
2021-02-07,4129.17,15759.55,1106.6,90834,116098,0,18973.64,858.0
2021-02-08,17937.65,53910.89,2178.78,293621,353980,0,63828.37,1966.0
2021-02-09,72939.68,55595.19,2150.07,305012,356551,0,65545.31,1962.0
2021-02-10,198426.03999999998,65012.93,2533.12,368511,424957,0,76957.05,2218.0
2021-02-11,63787.74,62627.27,2663.62,344147,401480,0,74357.19,2102.0
2021-02-12,189893.17,63792.13,2985.56,350442,413657,0,76000.72,2371.0
2021-02-13,9337.71,38369.14,2151.05,214648,260053,0,45665.840000000004,1888.0
2021-02-14,6455.25,26231.36,1675.19,147514,187774,0,31674.55,1359.0
2021-02-15,7287.79,31458.97,1746.54,192316,240615,0,37533.88,1660.0
2021-02-16,93656.84,57405.39,2257.24,317057,366357,0,68073.74,1898.0
2021-02-17,66633.98,63076.34,2406.22,343602,404177,0,74592.54,2085.0
2021-02-18,6397.3,27688.74,1404.27,165307,197034,0,33324.53,1137.0
2021-02-19,9025.96,40184.87,2246.26,240826,294270,0,48497.7,1963.0
2021-02-20,13438.34,36198.54,1954.63,202526,251174,0,42946.590000000004,1834.0
2021-02-21,6942.46,28629.36,1572.96,153253,193070,0,34004.1,1338.0
2021-02-22,13162.31,58222.43,1887.99,327882,368974,0,68440.81,1843.0
2021-02-23,44237.33,60361.58,2159.47,324418,379650,0,71359.39,1927.0
2021-02-24,14940.15,67239.25,2409.34,372735,424907,0,79219.71,2189.0
2021-02-25,64851.82,64889.98,2904.53,356833,412609,0,77166.96,2110.0
2021-02-26,14100.9,64706.76,2777.28,361453,413926,0,76660.21,2360.0
2021-02-27,8654.43,36495.41,2216.5,216062,259124,0,43360.04,1789.0
2021-02-28,79599.92,28994.14,1727.65,162309,201837,0,34601.98,1344.0
2021-03-01,14006.11,61849.84,2223.36,330645,379771,0,72745.83,1866.0
2021-03-02,13509.97,60419.94,2304.95,337918,389130,0,71300.46,1961.0
2021-03-03,13922.62,63358.79,2414.14,348189,412121,0,74852.35,2090.0
2021-03-04,86372.31,62203.47,2716.97,353540,413572,0,73814.56,2217.0
2021-03-05,109989.18,62906.5,2758.07,351219,400631,0,74636.59,2321.0
2021-03-06,9319.87,39655.27,2510.16,231999,282421,0,47204.41,1975.0
2021-03-07,7263.88,29279.92,1713.28,162396,202204,0,34923.43,1340.0
2021-03-08,79916.12,61973.75,2174.45,335969,395586,0,73047.62,2031.0
2021-03-09,54205.43,62326.53,2252.68,330516,389128,0,73409.39,2136.0
2021-03-10,14342.08,64813.52,2313.51,355635,416802,0,76121.01,2290.0
2021-03-11,74341.26999999999,64816.36,2485.49,354299,416696,0,76414.78,2202.0
2021-03-12,13250.2,61008.59,2408.39,332967,384252,0,71737.03,2144.0
2021-03-13,8770.64,37486.61,2313.33,203800,257644,0,44631.27,1774.0
2021-03-14,78282.04000000001,29235.3,1789.64,163829,198666,0,34861.53,1225.0
2021-03-15,13083.0,57057.86,1905.02,322023,370465,0,67235.89,1855.0
2021-03-16,12256.36,53880.54,2110.46,307134,357998,0,63670.57,1916.0
2021-03-17,13207.47,59030.09,2081.08,343482,394929,0,69520.01,2053.0
2021-03-18,69696.34,61263.17,2304.09,340637,400538,0,72229.08,2155.0
2021-03-19,246772.88999999998,62936.69,2673.38,353712,403710,0,74269.15,2235.0
2021-03-20,9572.21,40785.34,2376.55,230927,281846,0,48279.36,2067.0
2021-03-21,175756.31,32420.89,1501.81,175202,208370,0,38158.95,1478.0
2021-03-22,73919.95999999999,60086.43,1739.18,327384,374604,0,70230.92,1980.0
2021-03-23,25938.22,58971.54,2028.88,327834,372557,0,69208.1,1917.0
2021-03-24,73768.7,60937.81,2480.85,343353,393920,0,72184.75,2086.0
2021-03-25,74768.9,64979.96,2374.23,354640,401298,0,76097.24,2213.0
2021-03-26,13431.23,60952.78,2224.81,346580,394292,0,71843.12,2264.0
2021-03-27,52238.64000000001,43310.96,2482.49,239491,291691,0,51298.42,2021.0
2021-03-28,6787.61,28086.23,1709.76,147670,188472,0,33438.9,1226.0
2021-03-29,13383.11,57646.56,1789.69,316337,371267,0,67850.49,1870.0
2021-03-30,74101.03,61545.8,2216.52,337980,390550,0,72415.88,2147.0
2021-03-31,149772.52,60196.0,2120.78,345443,397740,0,70936.66,2213.0
2021-04-01,24823.94,64391.1,2600.75,361496,413436,0,75971.53,2395.0
2021-04-02,24400.86,54788.35,2523.23,307693,368697,0,64953.31,2198.0
2021-04-03,9670.72,40665.48,2206.44,225403,271514,0,47903.74,1953.0
2021-04-04,19288.899999999998,35660.24,1753.34,180080,230328,0,42072.72,1442.0
2021-04-05,63758.62,61674.2,2232.19,335888,381060,0,72602.74,2012.0
2021-04-06,218450.43,63783.5,2223.27,355310,414385,0,74952.86,2366.0
2021-04-07,151503.8,65224.1,2263.48,361717,415383,0,76396.39,2304.0
2021-04-08,15528.28,70134.12,2818.23,382347,448273,0,82406.73,2536.0
2021-04-09,203722.24999999997,67164.83,2922.22,376925,425675,0,79439.53,2437.0
2021-04-10,62503.33,46043.23,2397.15,251671,294896,0,54001.8,2119.0
2021-04-11,44389.47,28111.03,1672.77,157969,188445,0,33443.32,1300.0
2021-04-12,81985.85,62576.35,2382.25,342840,399090,0,73699.39,2110.0
2021-04-13,47230.509999999995,65185.51,2266.7,360004,407239,0,76445.14,2202.0
2021-04-14,93772.49,69489.06,2519.21,372922,441927,0,81798.27,2405.0
2021-04-15,287336.68,66377.89,2613.69,378613,433877,0,78214.3,2343.0
2021-04-16,54389.19,69102.41,2583.19,368737,425732,0,81433.71,2374.0
2021-04-17,68146.64,45342.98,2529.47,247468,305058,0,53817.12,2105.0
2021-04-18,7984.68,35142.09,1957.02,190266,235105,0,41496.61,1629.0
2021-04-19,13990.9,63524.05,2087.27,349313,396885,0,74464.53,2050.0
2021-04-20,116489.45000000001,69019.63,2607.27,366836,420093,0,81158.52,2245.0
2021-04-21,503502.75,67509.7,2414.65,370324,433644,0,79736.19,2328.0
2021-04-22,498255.01999999996,65549.2,2777.1,375125,440308,0,77610.61,2549.0
2021-04-23,312204.66,68065.34,2790.25,376987,431853,0,80359.81,2447.0
2021-04-24,142352.03,49705.01,2767.12,266239,326171,0,58679.02,2183.0
2021-04-25,298359.27999999997,34799.97,1859.6200000000001,180687,232072,0,41316.96,1457.0
2021-04-26,264807.81,67816.66,2383.55,363656,427091,0,79638.64,2145.0
2021-04-27,394441.54,66714.7,2380.0099999999998,351446,414441,0,78422.27,2250.0
2021-04-28,312337.57,70995.99,2621.65,379736,456439,0,83547.4,2551.0
2021-04-29,742247.2000000001,71694.24,2792.7,385575,451851,0,84396.24,2324.0
2021-04-30,305245.8,70088.52,3149.7599999999998,379941,438385,0,82874.81,2458.0
2021-05-01,297696.55,48825.3,2743.54,262342,321718,0,57715.97,2106.0
2021-05-02,9610.88,41011.3,2166.69,212185,259008,0,48578.66,1636.0
2021-05-03,136935.18000000002,65846.16,2361.22,361329,413105,0,77557.85,2195.0
2021-05-04,368051.23,64760.67,2422.6,354336,407144,0,76346.15,2168.0
2021-05-05,153282.58000000002,66399.14,2528.64,357693,420199,0,78089.58,2254.0
2021-05-06,112462.41,71858.17,2995.51,391110,466740,0,84655.96,2517.0
2021-05-07,455032.51,69973.27,2978.83,386619,451577,0,82488.44,2565.0
2021-05-08,475538.12,48072.26,2570.67,256489,328325,0,56847.14,2109.0
2021-05-09,353773.59,42999.87,2121.88,230208,282941,0,50846.56,1775.0
2021-05-10,290165.58999999997,65475.42,2335.75,351455,411717,0,76906.89,2263.0
2021-05-11,226954.18,67411.77,2581.72,357240,421697,0,79254.26,2345.0
2021-05-12,170500.43000000002,66173.95,2628.66,363501,436471,0,78271.06,2376.0
2021-05-13,53618.21,51527.36,2246.87,286969,334871,0,60877.64,1909.0
2021-05-14,384129.92,65485.52,3073.65,364993,428263,0,77698.57,2501.0
2021-05-15,224216.28,50077.33,3191.29,273884,346704,0,59728.340000000004,2282.0
2021-05-16,218381.91,41410.86,2287.41,223219,280248,0,49163.88,1753.0
2021-05-17,691974.17,59889.35,2553.58,338510,402453,0,71044.08,2388.0
2021-05-18,1128199.84,61254.64,2680.46,331483,399809,0,72620.12,2291.0
2021-05-19,1062083.42,66100.82,3029.1,361722,434699,0,78304.71,2654.0
2021-05-20,665001.16,65505.85,3057.14,361127,429451,0,77770.66,2603.0
2021-05-21,1048646.78,62785.79,3217.58,346934,429735,0,74846.56,2697.0
2021-05-22,332284.31,54150.1,3304.67,286537,367314,0,64474.840000000004,2524.0
2021-05-23,116955.28000000001,43096.53,2368.49,224123,281815,0,51049.95,1890.0
2021-05-24,427573.6,60178.8,2561.68,312327,379592,0,71034.28,2331.0
2021-05-25,789065.21,59684.32,2806.4,333521,409291,0,70505.84,2551.0
2021-05-26,387905.54000000004,64445.99,3077.91,349959,422867,0,76373.14,2685.0
2021-05-27,305870.32999999996,65462.66,3272.1,353384,434696,0,77600.54,2836.0
2021-05-28,363822.24,67380.55,3457.86,353717,432512,0,79371.43,2847.0
2021-05-29,770439.67,43881.41,2484.93,241523,304393,0,51990.0,2169.0
2021-05-30,106274.16,35601.3,1744.25,180742,231613,0,42037.38,1559.0
2021-05-31,246721.0,41119.78,2107.52,222257,284799,0,48541.28,1952.0
2021-06-01,760076.5800000001,60835.16,2887.94,337910,414470,0,72247.92,2701.0
2021-06-02,726993.9500000001,62172.33,2900.16,345736,420013,0,73527.74,2757.0
2021-06-03,782861.39,62755.71,3215.65,349009,425025,0,74793.96,2765.0
2021-06-04,228489.68,64306.02,3696.31,351378,426369,0,76736.43000000001,2818.0
2021-06-05,662257.69,54399.82,2987.53,292008,364812,0,64173.35,2652.0
2021-06-06,101953.97,41309.83,2391.37,215549,271150,0,49066.29,1736.0
2021-06-07,529842.97,58256.66,2784.27,322976,399248,0,69092.96,2546.0
2021-06-08,145000.8,57525.53,2563.16,313184,391635,0,67800.75,2533.0
2021-06-09,526842.27,62265.4,3016.71,337222,412849,0,73555.04,2753.0
2021-06-10,421762.64999999997,63124.82,3351.0,345600,423794,0,75007.2,2789.0
2021-06-11,753525.8,62104.2,3099.19,329288,408112,0,73473.4,2709.0
2021-06-12,548032.8200000001,53553.0,3082.95,274073,346406,0,63456.33,2377.0
2021-06-13,254972.58000000002,41797.51,2358.62,209233,274789,0,49757.61,1811.0
2021-06-14,570822.04,56242.6,2685.03,310190,377898,0,66953.19,2499.0
2021-06-15,698073.3,60346.19,3110.82,334657,410764,0,71817.32,2641.0
2021-06-16,659679.23,61283.72,3305.95,334701,419908,0,73029.77,2795.0
2021-06-17,968525.93,65800.87,3619.48,361333,440307,0,78215.16,2944.0
2021-06-18,835022.95,60009.11,3274.17,320120,390537,0,71169.17,2669.0
2021-06-19,527837.58,53104.34,2864.48,288201,355691,0,62628.33,2503.0
2021-06-20,812294.03,42723.34,2589.63,231512,285515,0,50917.16,1950.0
2021-06-21,421884.24,57112.96,2768.27,304775,382721,0,67816.25,2435.0
2021-06-22,357215.10000000003,56671.43,2966.08,304321,383069,0,67707.28,2510.0
2021-06-23,1320967.7,63022.7,3378.03,334231,413388,0,74872.35,2772.0
2021-06-24,616665.25,65824.36,3391.7,343323,422535,0,78114.48,2887.0
2021-06-25,772541.11,65263.72,3694.78,359282,439357,0,77707.47,3019.0
2021-06-26,487776.14999999997,55003.38,3345.17,297848,359421,0,65354.52,2609.0
2021-06-27,565037.17,45641.34,2699.55,237491,301151,0,54249.46,2008.0
2021-06-28,175754.98,56101.92,2776.33,310413,392581,0,66814.98,2546.0
2021-06-29,504953.22000000003,59483.73,2917.83,320579,393682,0,70542.25,2599.0
2021-06-30,719387.67,57050.22,3084.44,320351,384208,0,67843.85,2648.0
2021-07-01,661048.54,61229.45,3005.5099999999998,334899,408446,0,72578.08,2729.0
2021-07-02,650405.92,59734.3,3057.52,328267,403928,0,70673.95,2823.0
2021-07-03,390875.95,43304.79,2035.33,236412,293656,0,51025.3,2106.0
2021-07-04,635037.97,40611.2,1912.84,201885,249575,0,47816.92,1635.0
2021-07-05,566424.9199999999,38202.92,2371.04,206349,260865,0,45361.3,1845.0
2021-07-06,290488.82,60092.66,2943.91,325319,395069,0,71313.05,2581.0
2021-07-07,450927.18,61822.16,2844.11,333273,400940,0,73300.99,2642.0
2021-07-08,476806.3,60679.17,2917.57,315741,393742,0,71696.48,2420.0
2021-07-09,330496.92,55794.88,2914.75,305755,377305,0,66247.83,2501.0
2021-07-10,743411.6900000001,56697.71,2892.3,290138,362917,0,66882.67,2372.0
2021-07-11,341886.12,44137.18,2107.23,220599,267058,0,51863.57,1729.0
2021-07-12,547314.5399999999,53488.56,2758.04,297912,366405,0,63597.88,2398.0
2021-07-13,773875.12,59122.76,2877.13,324577,401688,0,70001.2,2587.0
2021-07-14,550318.55,60662.17,3034.34,327414,403255,0,72204.94,2622.0
2021-07-15,471892.14,62976.87,3309.37,340836,421630,0,74945.86,2737.0
2021-07-16,548589.89,61851.59,3345.12,327692,401805,0,73803.77,2689.0
2021-07-17,186283.41999999998,51437.46,2959.52,272058,334859,0,60948.24,2263.0
2021-07-18,358714.16000000003,43157.94,2438.4,221883,274194,0,51225.43,1729.0
2021-07-19,1059646.93,56645.4,2720.1,303716,377458,0,67102.91,2364.0
2021-07-20,188238.75,44025.86,2260.49,235918,294887,0,52334.33,1873.0
2021-07-21,698343.0599999999,55752.86,2882.36,300995,367619,0,66385.99,2279.0
2021-07-22,662150.57,59192.48,3051.62,306106,379499,0,70351.9,2380.0
2021-07-23,334377.16,63100.29,3101.49,333459,394832,0,75058.01,2512.0
2021-07-24,625248.76,51987.71,2975.35,270985,334561,0,61607.94,2308.0
2021-07-25,353841.26,39479.13,2369.18,204291,265733,0,47277.75,1604.0
2021-07-26,305190.6,61681.08,3125.45,327206,401591,0,73524.7,2558.0
2021-07-27,886238.8099999999,58625.04,3053.49,310770,374760,0,69863.4,2384.0
2021-07-28,626176.39,60122.35,3245.31,322779,394655,0,71862.68000000001,2510.0
2021-07-29,509525.85,61966.34,3450.41,325110,395562,0,74005.33,2549.0
2021-07-30,332597.81,61179.36,3214.21,321195,390046,0,72778.38,2593.0
2021-07-31,709239.77,56980.93,3423.35,293519,362720,0,67477.31,2411.0
2021-08-01,472801.55000000005,42847.0,2359.32,207218,259736,0,50657.9,1596.0
2021-08-02,548301.66,56567.93,3009.7,305055,374971,0,67356.12,2368.0
2021-08-03,730172.78,60118.99,2952.07,314239,382323,0,71502.03,2357.0
2021-08-04,689266.47,60469.14,3273.91,316237,393430,0,72158.99,2503.0
2021-08-05,758043.13,62075.49,3347.06,332739,412349,0,74096.36,2616.0
2021-08-06,552635.88,58760.66,3243.83,313205,382465,0,70244.44,2469.0
2021-08-07,759330.89,54290.28,2980.6,283609,347523,0,64256.04,2295.0
2021-08-08,349856.99,42923.03,2704.78,222934,280472,0,51507.16,1854.0
2021-08-09,697972.8,55642.86,2910.9,298802,366034,0,66436.84,2384.0
2021-08-10,554342.29,61850.41,3171.79,339572,408250,0,73388.52,2666.0
2021-08-11,1116133.1,60266.75,3298.22,315725,399230,0,71744.23,2481.0
2021-08-12,1088141.47,60424.45,3591.47,322838,400030,0,72100.49,2510.0
2021-08-13,799794.99,62572.96,3357.73,335225,408306,0,74485.31,2714.0
2021-08-14,528260.2999999999,53593.47,3332.3,273546,330486,0,63544.93,2281.0
2021-08-15,839722.66,44510.48,2584.58,215671,279335,0,52839.71,1812.0
2021-08-16,1458313.71,57599.45,2747.36,301704,366357,0,68402.21,2143.0
2021-08-17,308517.35,57766.11,2721.59,307484,372498,0,68431.34,2330.0
2021-08-18,264307.80000000005,58309.51,3312.5,309694,376033,0,69761.72,2304.0
2021-08-19,1031021.78,61216.31,3054.6,335219,393665,0,72456.47,2548.0
2021-08-20,733702.36,61010.99,3545.21,325358,401097,0,73228.02,2613.0
2021-08-21,289746.59,54902.3,3987.04,290631,371219,0,65750.69,2403.0
2021-08-22,181251.91,22325.36,1732.56,117928,141815,0,26642.74,916.0
2021-08-23,976126.0,55718.93,3409.61,305303,375864,0,66722.68000000001,2276.0
2021-08-24,589084.37,60908.45,3200.43,325463,388268,0,72280.42,2382.0
2021-08-25,427765.04,59413.1,3276.83,318848,391182,0,70953.51,2581.0
2021-08-26,705182.46,60923.39,3445.0099999999998,322790,393977,0,72569.54,2435.0
2021-08-27,652677.03,58880.65,3428.68,313734,384206,0,70351.06,2545.0
2021-08-28,788541.79,47960.45,3058.84,254660,319899,0,56915.53,2159.0
2021-08-29,307331.04,41785.4,2611.52,211525,267632,0,49733.3,1780.0
2021-08-30,616580.28,58794.18,3570.21,319186,384460,0,70476.66,2438.0
2021-08-31,1040157.9400000001,63533.04,4003.56,334676,402539,0,76226.79,2500.0
2021-09-01,350307.57,60203.37,4057.34,326740,393351,0,72622.71,2334.0
2021-09-02,508212.5,63683.3,4854.16,302439,358200,0,75940.27,2358.0
2021-09-03,729701.07,66720.33,4216.87,351462,418674,0,79606.37,2795.0
2021-09-04,382054.61,56954.42,3755.22,276257,333479,0,67727.31,2219.0
2021-09-05,178364.37,46685.61,3236.45,224286,280346,0,55936.56,1767.0
2021-09-06,754839.71,49282.54,4018.82,246916,308231,0,59664.42,2105.0
2021-09-07,863001.61,67206.0,4119.3,347216,422156,0,80403.27,2753.0
2021-09-08,658008.4299999999,73625.32,4347.81,388705,472918,0,88199.9,3032.0
2021-09-09,673573.04,77631.92,5049.16,382086,468884,0,92511.12,3121.0
2021-09-10,402784.56,78108.3,4894.09,381310,462958,0,92799.2,3113.0
2021-09-11,1284506.03,66068.28,4196.83,331423,406250,0,78115.61,2741.0
2021-09-12,550269.57,53842.65,3756.7,263931,337136,0,64337.17,2188.0
2021-09-13,759451.43,66475.68,3977.5,352097,417687,0,78822.5,2893.0
2021-09-14,637853.37,70242.68,4181.87,367460,445422,0,83840.93,2954.0
2021-09-15,300381.39,71770.91,4339.25,382486,470295,0,85627.14,3220.0
2021-09-16,660487.96,68308.51,3608.1,367981,450581,0,81280.51,2949.0
2021-09-17,881421.48,76159.25,5026.09,411041,499054,0,91221.81,3425.0
2021-09-18,764284.7100000001,68197.73,4552.33,359637,436850,0,80941.49,2940.0
2021-09-19,772118.11,55314.65,3826.36,282147,348591,0,66102.02,2306.0
2021-09-20,460362.07,68135.41,4039.52,379547,451497,0,81302.76,3282.0
2021-09-21,700244.53,67750.74,3960.42,376762,456967,0,81061.07,3075.0
2021-09-22,906384.64,72844.04,4193.19,396235,491251,0,86935.87,3314.0
2021-09-23,1025872.3300000001,76100.72,4946.25,424430,512837,0,91135.27,3491.0
2021-09-24,925704.65,82269.65,5867.61,433204,521163,0,98427.12,3518.0
2021-09-25,1053826.15,72837.42,5189.62,367477,440578,0,86548.28,3093.0
2021-09-26,207130.28,59519.58,4347.94,282456,344150,0,70748.64,2194.0
2021-09-27,474353.31,62636.77,3822.62,358664,451845,0,74688.61,3337.0
2021-09-28,209931.72,72484.35,4249.42,389147,486145,0,86607.0,3351.0
2021-09-29,924375.0,75280.77,4388.58,402229,497445,0,89804.04,3450.0
2021-09-30,664372.4600000001,78519.38,5192.21,418632,511563,0,93893.69,3486.0
2021-10-01,1274520.2,79397.22,4833.16,438012,519936,0,94151.88,3690.0
2021-10-02,689656.96,71092.31,4585.77,366236,462199,0,84145.84,3356.0
2021-10-03,390371.54,55209.73,3966.48,294081,361114,0,66061.75,2552.0
2021-10-04,1120498.53,71135.47,4287.25,385161,481308,0,84821.05,3485.0
2021-10-05,718477.53,76473.39,4363.05,391128,485600,0,90833.56,3232.0
2021-10-06,583683.11,75114.81,4625.57,404341,491963,0,89606.75,3447.0
2021-10-07,716565.2,78049.14,4576.38,410895,505281,0,92582.22,3559.0
2021-10-08,437691.75,80628.48,5098.28,437848,524045,0,95933.22,3863.0
2021-10-09,566504.84,67903.84,4597.18,371128,463796,0,80945.81,3303.0
2021-10-10,380678.25,53761.17,3452.83,287744,357305,0,64079.1,2476.0
2021-10-11,378705.91000000003,63306.04,3447.11,342959,421308,0,75033.19,2741.0
2021-10-12,568987.4,71163.24,3947.38,380539,474316,0,84675.87,3416.0
2021-10-13,673580.14,73800.4,4560.69,411113,513451,0,88415.03,3653.0
2021-10-14,687148.54,81251.37,5096.36,434570,541603,0,96986.05,3791.0
2021-10-15,446590.88,82731.69,4827.92,452569,546153,0,98385.08,3885.0
2021-10-16,456318.15,66285.91,5015.24,370600,463644,0,79759.87,3373.0
2021-10-17,168425.53,55641.09,3825.99,296909,369988,0,66687.25,2546.0
2021-10-18,594027.45,73033.39,4149.76,403561,498750,0,87230.24,3482.0
2021-10-19,372120.73000000004,73714.15,4647.95,413979,504477,0,88327.47,3431.0
2021-10-20,633369.51,75420.12,4234.29,418536,518281,0,89803.76,3655.0
2021-10-21,973358.59,79424.51,5117.44,442586,542091,0,95042.55,3760.0
2021-10-22,666635.52,82976.7,5397.38,449290,550241,0,99308.68000000001,3761.0
2021-10-23,884797.9299999999,69749.85,4517.14,373505,464775,0,82799.83,3269.0
2021-10-24,195579.93,59028.82,4005.99,316876,400370,0,70734.01,2656.0
2021-10-25,488615.38999999996,72186.74,4393.31,406718,507482,0,86207.39,3578.0
2021-10-26,1042292.52,62252.24,3855.23,360923,443634,0,74538.62,3116.0
2021-10-27,920082.17,77741.69,4915.08,426265,526907,0,93223.39,3745.0
2021-10-28,262628.62,83547.4,5302.04,446613,545726,0,99533.06,3985.0
2021-10-29,438508.7,82928.51,5636.02,444776,552131,0,99121.23,3829.0
2021-10-30,359977.63,70960.64,5314.18,373679,462095,0,84695.64,3183.0
2021-10-31,496540.08,62053.63,4432.85,323011,401581,0,74079.6,2728.0
2021-11-01,810367.6799999999,74814.42,4652.46,422687,508869,0,89138.52,3723.0
2021-11-02,619552.47,70522.68,3963.78,383871,477891,0,83739.14,3273.0
2021-11-03,702809.01,77335.88,4733.9,428529,525574,0,92424.83,3675.0
2021-11-04,776264.76,81618.31,5145.93,453181,560088,0,97590.87,3920.0
2021-11-05,322542.39999999997,82024.75,5066.05,448674,552709,0,97940.74,3830.0
2021-11-06,1009953.3300000001,72340.78,5023.64,385826,479063,0,86329.71,3504.0
2021-11-07,485128.81000000006,54472.63,3755.79,291965,343198,0,64958.25,2516.0
2021-11-08,380754.18,74797.53,4218.71,410558,499836,0,89018.88,3641.0
2021-11-09,688469.04,74797.54,4357.21,401879,501252,0,88913.47,3468.0
2021-11-10,1219727.3,79573.08,5060.4,439725,550288,0,95173.78,3902.0
2021-11-11,538658.0,78819.95,4964.92,419528,527227,0,93968.79,3569.0
2021-11-12,704256.7000000001,78401.11,5156.64,446057,551559,0,94286.47,4002.0
2021-11-13,597454.0,73698.29,5632.66,398727,498469,0,88176.97,3691.0
2021-11-14,812613.4,64216.4,4728.38,338316,415211,0,76891.92,2930.0
2021-11-15,762283.22,75006.86,4491.51,425027,521970,0,89563.22,3724.0
2021-11-16,2063491.59,75592.12,4610.52,409662,518360,0,90408.94,3674.0
2021-11-17,926718.3200000001,77383.37,4763.21,419238,522907,0,92468.08,3737.0
2021-11-18,380003.57,81883.5,5119.11,443608,542529,0,97470.53,3879.0
2021-11-19,615871.21,84382.74,5652.47,455047,546252,0,100788.35,3884.0
2021-11-20,870360.07,75230.76,5527.14,398408,496585,0,89677.85,3606.0
2021-11-21,452965.94,63911.69,4809.82,331092,424891,0,76653.68000000001,2927.0
2021-11-22,858547.35,74265.91,5004.47,420354,516835,0,89066.13,3750.0
2021-11-23,652908.7100000001,79314.71,5891.3,434647,532828,0,95197.15,3886.0
2021-11-24,1514459.07,75979.74,5372.92,416153,504659,0,90835.97,3757.0
2021-11-25,597836.92,54446.17,3936.73,291360,354401,0,65314.95,2467.0
2021-11-26,404948.33,47927.45,3452.14,271272,348548,0,57718.73,2845.0
2021-11-27,433990.41,55816.76,4053.04,315173,398908,0,66702.65,3174.0
2021-11-28,240782.09,50522.02,3930.61,264720,345730,0,60631.13,2462.0
2021-11-29,1274316.43,71671.61,4722.23,401020,499444,0,85919.11,3682.0
2021-11-30,702421.11,72623.65,4724.35,398278,500311,0,86940.23,3442.0
2021-12-01,778996.77,76261.62,5173.5,426673,523329,0,91516.32,3910.0
2021-12-02,479793.94,78172.83,4874.4,421022,528860,0,93214.27,3926.0
2021-12-03,1019888.37,84337.8,5477.75,464675,560467,0,100965.12,4137.0
2021-12-04,670736.72,72019.3,5320.41,387668,487311,0,86186.31,3584.0
2021-12-05,472724.5,63446.53,4966.81,335082,422646,0,76530.41,3063.0
2021-12-06,513821.57,71974.01,4541.92,401627,501328,0,86078.25,3892.0
2021-12-07,767222.71,70444.51,4780.6,399042,506289,0,84555.83,3980.0
2021-12-08,899072.9400000001,69524.5,5025.74,397880,515312,0,83766.76,4179.0
2021-12-09,868019.61,72513.3,5705.29,406637,524958,0,87719.24,4176.0
2021-12-10,784306.04,75551.12,5755.77,428191,533249,0,91118.29,4176.0
2021-12-11,873136.38,73428.85,5671.07,393752,493587,0,88097.45,3626.0
2021-12-12,424706.03,61003.67,4616.35,332575,414773,0,73120.09,3047.0
2021-12-13,799421.83,68686.97,5259.91,386773,496489,0,82714.5,3841.0
2021-12-14,610615.91,67928.38,5040.93,377187,482161,0,81873.09,3714.0
2021-12-15,1155349.56,82153.98,5076.86,433386,537468,0,97969.31,4053.0
2021-12-16,879920.8300000001,74728.31,5441.05,403598,508607,0,89784.11,3906.0
2021-12-17,529009.49,73512.79,5462.0199999999995,393656,496243,0,88506.83,3916.0
2021-12-18,949373.8400000001,62979.06,4914.55,330108,424878,0,75219.63,3452.0
2021-12-19,758567.72,53585.83,3889.03,281421,364278,0,63930.46,2711.0
2021-12-20,784085.84,64756.12,4708.04,363441,458536,0,77731.23,3614.0
2021-12-21,409183.43,62628.54,4383.01,340099,438150,0,75236.65,3349.0
2021-12-22,468115.64999999997,63828.88,4368.99,341101,429550,0,76308.9,3512.0
2021-12-23,315247.91000000003,63022.89,4364.57,331591,423297,0,75060.78,3534.0
2021-12-24,938240.96,46944.36,3085.64,246023,315230,0,55434.72,2856.0
2021-12-25,388914.96,32414.04,2064.34,151991,197659,0,38213.88,1475.0
2021-12-26,428150.96,40053.07,2247.53,206180,259459,0,47049.64,1932.0
2021-12-27,340031.62,36129.76,2751.88,218449,289244,0,43424.99,2829.0
2021-12-28,65687.52,39364.18,3107.3,220783,305345,0,47391.23,2857.0
2021-12-29,133273.99,39600.44,3480.64,230036,310732,0,48213.85,2930.0
2021-12-30,138802.01,44464.51,3802.51,250853,331564,0,53698.42,3182.0
2021-12-31,101947.8,38482.85,3317.97,215969,289449,0,46077.99,2881.0
2022-01-01,66392.31999999999,20361.61,2493.06,128935,176497,0,25128.72,1620.0
2022-01-02,81294.44000000002,21448.61,2622.52,142460,206993,0,26851.77,1946.0
2022-01-03,167630.93000000002,30798.87,3508.97,226326,309744,0,38778.99,3102.0
2022-01-04,169057.66,30469.21,3621.09,205735,292301,0,38390.1,2815.0
2022-01-05,196094.41999999998,30853.43,3613.48,213736,307039,0,39222.21,2958.0
2022-01-06,127835.92,32090.35,3710.07,231819,320657,0,40544.07,3102.0
2022-01-07,154365.72,24111.9,3047.83,177031,246560,0,30888.03,2362.0
2022-01-08,46979.409999999996,26510.93,3264.98,180248,257165,0,33259.46,2467.0
2022-01-09,4252.46,19377.73,2369.04,138198,186379,0,24154.97,1790.0
2022-01-10,175170.79,28642.78,3365.08,203758,291414,0,36332.11,2841.0
2022-01-11,70908.03,30015.53,3774.58,216539,306851,0,38212.61,2886.0
2022-01-12,141468.84,29879.5,3530.83,206049,294478,0,37702.98,2735.0
2022-01-13,193897.1,33032.98,3722.86,220018,305417,0,41163.39,2896.0
2022-01-14,13180.76,35061.38,4192.78,239063,330854,0,44205.81,3118.0
2022-01-15,58568.97,27561.37,3352.78,186292,254679,0,34159.35,2317.0
2022-01-16,618699.92,22500.13,2827.41,159459,225036,0,27997.74,1927.0
2022-01-17,61282.39000000001,20526.95,2594.77,148460,219396,0,25994.12,1908.0
2022-01-18,127806.32999999999,29146.45,3397.14,215559,298296,0,36773.340000000004,2825.0
2022-01-19,171067.82,32154.19,3660.69,222608,316167,0,40436.43,3078.0
2022-01-20,236889.22999999998,31993.82,3910.94,230469,319458,0,40688.96,2948.0
2022-01-21,224554.52,35335.77,3977.21,250255,335812,0,44135.98,3164.0
2022-01-22,134551.83,26952.89,3331.68,189648,262629,0,33627.17,2492.0
2022-01-23,95122.39,23339.41,2970.29,160961,227121,0,29135.35,1963.0
2022-01-24,212869.57,31482.53,3597.77,226518,308254,0,39446.3,2867.0
2022-01-25,6373.05,31598.05,3554.49,226471,316032,0,39682.29,2884.0
2022-01-26,20494.24,33032.65,4099.76,239463,327910,0,41813.36,2942.0
2022-01-27,362314.94,37324.73,4176.27,260477,349793,0,46429.15,3203.0
2022-01-28,383314.51,35141.06,4345.08,240266,333827,0,44098.29,3000.0
2022-01-29,1254.58,5980.91,793.5,39816,52322,0,7314.46,344.0
2022-01-30,316847.64,19741.1,2705.93,142160,205530,0,24917.53,1645.0
2022-01-31,219008.34,33227.1,4010.25,233031,314190,0,41727.55,2770.0
2022-02-01,324678.01,34800.17,3994.02,238688,325042,0,43268.19,3010.0
2022-02-02,44779.54,36999.3,4277.87,255877,342086,0,46196.62,3142.0
2022-02-03,299601.63,38666.59,4606.93,268831,362600,0,48279.17,3326.0
2022-02-04,504353.6,38475.83,4971.95,275733,376652,0,48745.06,3350.0
2022-02-05,159633.35,38355.95,5221.76,268736,367019,0,48153.71,3144.0
2022-02-06,360844.7,24613.43,3263.62,175062,241071,0,30784.0,2120.0
2022-02-07,320030.16,33046.58,4026.24,239663,330582,0,41580.37,3041.0
2022-02-08,247823.41999999998,33824.85,4170.89,245569,329781,0,42744.840000000004,3041.0
2022-02-09,135485.4,34623.06,4287.87,242474,346161,0,43810.28,3168.0
2022-02-10,70657.59000000001,36868.340000000004,4515.45,261906,359399,0,46677.090000000004,3367.0
2022-02-11,64413.03,40164.36,5033.67,278684,378244,0,50819.68,3514.0
2022-02-12,63524.87,36217.97,5048.11,245046,343335,0,45714.73,3032.0
2022-02-13,79661.59,25407.91,3539.05,172317,246637,0,31998.66,2048.0
2022-02-14,288693.94,38097.45,4919.51,269307,378036,0,48454.31,3447.0
2022-02-15,6747.82,34618.28,4319.92,253593,346208,0,43965.5,3229.0
2022-02-16,218255.72,36834.39,4474.83,261156,363293,0,46584.97,3320.0
2022-02-17,474277.5,39832.22,5107.93,281260,388347,0,50586.9,3632.0
2022-02-18,627688.4500000001,41986.18,5654.1,282435,385411,0,53519.23,3641.0
2022-02-19,245313.45,33690.14,4703.11,232034,322387,0,42491.0,2882.0
2022-02-20,125313.06999999999,27995.5,3584.51,184726,259490,0,34955.81,2331.0
2022-02-21,108222.58,28247.99,3780.89,202717,286978,0,36062.38,2576.0
2022-02-22,563934.01,33540.68,4245.64,244732,340364,0,42963.22,3132.0
2022-02-23,323590.25,37969.03,4782.59,275300,380353,0,48305.57,3543.0
2022-02-24,213461.43000000002,37137.31,4915.68,269956,374427,0,47768.14,3467.0
2022-02-25,189611.29,36314.66,4849.63,254131,356177,0,46473.14,3172.0
2022-02-26,352158.04000000004,35075.42,4573.77,240288,327003,0,43848.74,2977.0
2022-02-27,6342.16,28712.6,3990.18,193895,280550,0,36463.93,2347.0
2022-02-28,253992.04,34474.98,4205.72,250675,343128,0,43441.15,3219.0
2022-03-01,108785.83000000002,35548.67,4315.8,255380,355842,0,44926.32,3310.0
2022-03-02,317905.24,36582.25,4476.05,260454,361589,0,46209.45,3306.0
2022-03-03,7984.69,40217.19,4799.15,279548,379873,0,50484.79,3545.0
2022-03-04,570659.97,39210.05,4803.99,276261,379088,0,49352.74,3462.0
2022-03-05,116552.09,32869.55,4372.72,225210,307598,0,41128.77,2868.0
2022-03-06,286764.94,28169.57,4048.35,190545,263501,0,35531.02,2231.0
2022-03-07,262738.98,35229.11,4189.06,243323,337345,0,44402.42,3154.0
2022-03-08,138718.06,38227.06,4653.85,265289,366000,0,48270.41,3341.0
2022-03-09,278172.27,38222.1,5222.11,271475,369867,0,48862.01,3284.0
2022-03-10,58602.92,41146.07,5404.61,276488,374617,0,52233.08,3509.0
2022-03-11,117070.03,43356.14,5879.86,294070,393823,0,55219.92,3568.0
2022-03-12,392789.34,31663.29,4474.47,227076,306784,0,40181.81,2700.0
2022-03-13,70912.93000000001,29579.420000000002,4351.2,201991,279946,0,37631.32,2382.0
2022-03-14,59757.68,34433.68,4243.49,230829,317060,0,43402.92,2996.0
2022-03-15,67863.34,33366.5,4319.36,232529,320834,0,42422.61,2905.0
2022-03-16,58024.83,37671.59,4421.71,256941,355699,0,47064.6,3291.0
2022-03-17,66691.73999999999,40186.28,5318.94,276340,368888,0,50915.24,3432.0
2022-03-18,33302.52,40579.86,6136.87,272125,373168,0,52122.78,3348.0
2022-03-19,88247.34,35074.78,4880.47,236936,321005,0,44166.1,2918.0
2022-03-20,207044.09,32236.35,4514.86,201267,282418,0,40475.21,2431.0
2022-03-21,326389.79,34163.47,4276.95,232476,323187,0,43197.97,2972.0
2022-03-22,133235.8,33643.74,4369.51,245701,342706,0,43089.0,3139.0
2022-03-23,8064.34,38895.33,5083.5,280770,382999,0,49652.98,3525.0
2022-03-24,176881.55,40729.7,5403.97,277489,382142,0,51841.87,3560.0
2022-03-25,393342.66,41261.81,5558.14,291744,389820,0,52717.2,3620.0
2022-03-26,134461.65,37470.96,5213.36,250239,338536,0,47249.77,3015.0
2022-03-27,144541.12,30747.13,4540.93,214821,293893,0,39187.46,2548.0
2022-03-28,104862.18000000001,36179.43,4731.72,263379,368028,0,46288.15,3196.0
2022-03-29,143599.74000000002,39372.75,4820.91,275101,389341,0,49768.36,3489.0
2022-03-30,207627.34999999998,36906.92,4809.64,266665,368705,0,47218.96,3396.0
2022-03-31,148475.12,39519.31,5020.99,270265,368366,0,50069.05,3287.0
2022-04-01,98040.01,41419.5,5653.1,283052,385877,0,52873.55,3517.0
2022-04-02,356708.31,36062.65,5013.27,237272,318265,0,45158.56,2904.0
2022-04-03,241009.78,28477.5,4567.31,195829,280251,0,36729.96,2385.0
2022-04-04,108850.54999999999,33431.87,4273.67,251228,337231,0,42439.79,3187.0
2022-04-05,206769.12,37251.82,4746.98,272088,374683,0,47441.3,3383.0
2022-04-06,85225.87,37201.74,5212.92,265930,356675,0,47776.26,3097.0
2022-04-07,258522.75999999998,41415.19,5759.33,292425,392114,0,52851.42,3355.0
2022-04-08,29674.309999999998,41932.77,5903.91,285362,385213,0,53419.83,3456.0
2022-04-09,224723.99,38452.38,5500.66,252393,348361,0,48433.69,2931.0
2022-04-10,254044.27000000002,32484.3,4783.67,213237,298248,0,41269.52,2455.0
2022-04-11,452416.07,33265.14,4411.46,238417,328208,0,42489.0,2938.0
2022-04-12,8897.53,43125.76,6062.15,284182,389136,0,54971.81,3260.0
2022-04-13,436263.08,42145.87,5294.91,281072,378823,0,52951.73,3342.0
2022-04-14,59841.18,40457.36,5229.05,282660,377715,0,51403.46,3398.0
2022-04-15,296806.14,38192.61,5443.43,253410,340995,0,48858.840000000004,3015.0
2022-04-16,255514.67,33918.38,4915.21,231206,318610,0,42780.44,2784.0
2022-04-17,243702.79,31445.13,4557.19,213251,299082,0,40034.67,2551.0
2022-04-18,272699.02999999997,34114.68,4588.88,245005,351458,0,43921.06,3090.0
2022-04-19,99375.2,37573.45,5090.57,265321,366196,0,48245.32,3295.0
2022-04-20,113478.87,38847.77,5459.76,261119,368386,0,50037.58,3256.0
2022-04-21,145430.96,38117.0,4964.48,262326,365839,0,48686.18,3239.0
2022-04-22,335689.39,37668.24,4983.93,259782,358546,0,48099.42,3244.0
2022-04-23,110218.49,41558.83,6065.05,280136,384795,0,52781.23,3174.0
2022-04-24,475371.75,33068.02,5056.69,222334,306083,0,42100.56,2524.0
2022-04-25,217004.06999999998,34761.22,4680.43,253341,341468,0,44509.55,3136.0
2022-04-26,56215.12,35586.84,4740.06,237389,332733,0,45285.74,2992.0
2022-04-27,694174.11,39617.15,5166.41,275270,373721,0,50289.36,3307.0
2022-04-28,203524.83000000002,40239.33,5396.18,263432,363472,0,51182.91,3174.0
2022-04-29,481980.25000000006,41252.61,5540.95,285207,381105,0,52216.16,3333.0
2022-04-30,237679.74999999997,38841.86,5670.2,246050,331711,0,48805.61,2886.0
2022-05-01,45032.56,35472.76,4800.74,230570,307154,0,44133.25,2482.0
2022-05-02,433606.07,26666.83,3731.14,185167,250663,0,34055.42,2009.0
2022-05-03,7765.28,37998.0,5191.98,257357,350474,0,48539.53,3180.0
2022-05-04,213323.37000000002,38407.27,5115.89,263161,368633,0,49083.51,3261.0
2022-05-05,410923.27,41295.17,5334.26,275829,382830,0,52296.03,3414.0
2022-05-06,179342.88,45367.02,6492.38,289253,397368,0,57799.2,3228.0
2022-05-07,242795.72,37490.41,5367.41,244805,335633,0,47126.32,2787.0
2022-05-08,171409.38,32477.13,4550.05,213860,295112,0,40916.18,2491.0
2022-05-09,207974.22,34941.62,4840.58,236595,342264,0,44726.33,3010.0
2022-05-10,243010.81,38033.1,4840.45,250983,352808,0,48127.45,3109.0
2022-05-11,119398.12999999999,38341.25,5075.76,256790,359383,0,48824.28,3196.0
2022-05-12,415383.94,43008.85,5864.77,285154,394558,0,54807.07,3436.0
2022-05-13,279698.02,45493.9,6237.19,288885,384647,0,57374.340000000004,3331.0
2022-05-14,603094.96,41872.32,5599.48,259513,349805,0,52143.3,2909.0
2022-05-15,121431.73999999999,37117.58,5519.3,230690,312802,0,46820.88,2460.0
2022-05-16,528758.67,37553.94,5242.05,262118,358552,0,48207.590000000004,3162.0
2022-05-17,794074.01,42432.46,5870.47,268526,373880,0,53869.41,3115.0
2022-05-18,238931.36000000002,44240.49,6024.0,274136,378012,0,55950.69,3257.0
2022-05-19,579424.48,44621.92,6009.57,282433,382486,0,56407.39,3205.0
2022-05-20,310043.49,45261.8,5964.59,277474,374734,0,56928.64,3246.0
2022-05-21,97533.36,44906.53,6500.78,272708,363853,0,56244.21,2880.0
2022-05-22,429221.17000000004,34372.47,5129.56,210590,290347,0,43454.73,2286.0
2022-05-23,518252.03,37646.99,4977.25,245052,339589,0,47627.14,2846.0
2022-05-24,537811.51,36429.94,4876.35,238956,343588,0,46518.94,2947.0
2022-05-25,191227.75999999998,39913.98,5406.71,255944,361271,0,50803.69,3166.0
2022-05-26,318030.29,40632.72,5394.51,276556,384079,0,51766.58,3437.0
2022-05-27,158056.90000000002,39430.08,5210.88,256530,349536,0,49624.21,3068.0
2022-05-28,349623.71,33331.95,4575.58,209077,278627,0,41478.13,2573.0
2022-05-29,147339.09,32313.38,4330.4,195465,270007,0,40279.38,2345.0
2022-05-30,6356.85,28973.75,4369.74,182426,265629,0,37170.840000000004,2132.0
2022-05-31,221567.11000000002,38819.32,5066.51,250478,350820,0,49170.08,3012.0
2022-06-01,8029.44,40829.78,5488.16,268410,371465,0,51760.44,3212.0
2022-06-02,138407.58000000002,41181.43,5513.72,266664,361364,0,51996.1,3138.0
2022-06-03,608050.6,39627.6,5206.33,249456,341206,0,49872.43,3003.0
2022-06-04,249003.37,31205.03,4175.42,207236,279607,0,38978.15,2461.0
2022-06-05,228789.23,30743.31,4479.6,197517,284779,0,38972.01,2378.0
2022-06-06,282644.97000000003,34571.59,4616.73,236711,334144,0,44256.1,2947.0
2022-06-07,199131.25999999998,36861.58,5079.66,250950,346194,0,47086.24,2973.0
2022-06-08,132408.38999999998,39903.48,5081.46,268880,371341,0,50441.39,3216.0
2022-06-09,166702.32,43009.05,5803.13,275227,384988,0,54532.13,3328.0
2022-06-10,381021.38000000006,45873.75,5842.4,288605,390464,0,57494.2,3409.0
2022-06-11,336955.11000000004,40230.77,5536.2,245847,333796,0,49937.52,2815.0
2022-06-12,447346.27999999997,34252.48,4644.12,212618,291944,0,42618.1,2394.0
2022-06-13,479542.2,37328.65,4893.25,250250,354943,0,47513.1,3040.0
2022-06-14,176460.84,39386.58,5311.46,259438,349125,0,49902.74,3043.0
2022-06-15,103355.22,43465.52,5811.19,283474,387563,0,55106.76,3337.0
2022-06-16,379571.69,45012.84,6038.95,283306,386146,0,56783.39,3264.0
2022-06-17,563566.13,46036.7,6075.85,286102,376100,0,57600.45,3197.0
2022-06-18,349162.45,36897.74,5016.61,226922,304707,0,45800.1,2709.0
2022-06-19,155462.58000000002,34280.28,4647.16,206316,284619,0,42641.54,2353.0
2022-06-20,208643.33000000002,32286.5,4787.61,221478,302636,0,41675.66,2454.0
2022-06-21,440615.25,37988.35,4958.56,252321,347388,0,48079.46,3006.0
2022-06-22,297596.48,39863.61,5578.36,256405,362497,0,50960.57,3076.0
2022-06-23,197862.7,42024.34,5875.63,274788,367213,0,53670.57,3313.0
2022-06-24,42378.490000000005,42914.04,5870.98,274446,369513,0,54391.57,3234.0
2022-06-25,322861.20999999996,37086.96,5043.51,235486,311308,0,46086.72,2706.0
2022-06-26,327719.54,34281.11,4686.46,211788,291829,0,42633.32,2415.0
2022-06-27,115344.80999999998,36268.45,5037.74,245167,337121,0,46200.19,2841.0
2022-06-28,308787.08,37434.49,5083.05,231045,327601,0,47535.590000000004,2814.0
2022-06-29,25562.999999999996,37733.0,4976.13,249060,341903,0,47961.18,3016.0
2022-06-30,36156.84,36583.43,4807.73,238493,336122,0,46476.46,2897.0
2022-07-01,136403.35,36997.18,4567.01,239549,319341,0,46177.94,2997.0
2022-07-02,13781.31,29311.77,3564.64,186516,251575,0,35960.91,2424.0
2022-07-03,30839.5,25800.68,3435.19,154518,210336,0,31994.57,1882.0
2022-07-04,5360.19,24517.29,3562.92,151600,219448,0,31186.46,1740.0
2022-07-05,173986.23,30449.19,3992.19,213139,294197,0,38729.53,2612.0
2022-07-06,515067.31,32328.17,3992.88,224095,310067,0,40856.1,2801.0
2022-07-07,415885.24,33998.88,4061.63,221448,311983,0,42725.81,2826.0
2022-07-08,65989.73999999999,33078.93,4193.02,206156,282927,0,41431.7,2485.0
2022-07-09,119043.78,25439.95,3298.6,163228,212884,0,31367.4,1862.0
2022-07-10,33050.29,25521.92,3427.2,161757,225240,0,31948.27,1901.0
2022-07-11,413255.53,32049.39,3994.41,214259,302188,0,40580.85,2773.0
2022-07-12,45247.87,32686.69,4256.3,216978,303666,0,41592.44,2604.0
2022-07-13,32303.449999999997,34182.33,4539.95,226273,316136,0,43690.68,2796.0
2022-07-14,82191.19,35022.74,4635.14,231095,318926,0,44561.53,2818.0
2022-07-15,496428.41,36527.14,4642.79,242831,335133,0,46121.48,3074.0
2022-07-16,238441.56,35335.73,4632.77,210579,282882,0,43666.2,2445.0
2022-07-17,146312.02,27500.78,3837.5,164933,235995,0,34353.58,1983.0
2022-07-18,6428.49,32029.39,4217.39,211471,297860,0,40636.38,2574.0
2022-07-19,159679.71000000002,33908.22,4289.04,225817,326385,0,43122.83,2787.0
2022-07-20,151936.74,35667.45,4507.11,232036,319261,0,45004.65,2822.0
2022-07-21,7341.84,36472.03,5062.55,230290,327362,0,46434.68,2723.0
2022-07-22,305747.0,36423.24,4796.98,233675,323038,0,46026.87,2934.0
2022-07-23,488687.29,31915.18,4278.64,203376,271882,0,39637.77,2404.0
2022-07-24,147320.73,29161.12,3866.14,177034,251457,0,36407.15,2096.0
2022-07-25,6549.8,32242.11,4395.4,210024,312463,0,41298.81,2595.0
2022-07-26,134946.71,34263.85,4382.53,219511,310958,0,43310.78,2708.0
2022-07-27,104217.72,36206.4,4629.22,234931,329347,0,45901.32,2883.0
2022-07-28,401692.8,36078.19,4649.14,234971,322911,0,45726.93,2862.0
2022-07-29,271686.76,35705.02,4593.21,219621,308227,0,45068.23,2748.0
2022-07-30,359576.96,32920.27,4497.35,202658,288881,0,41083.97,2500.0
2022-07-31,46388.11,27501.77,3741.73,170491,243793,0,34361.3,2088.0
2022-08-01,301380.66000000003,32687.36,3978.62,226103,313820,0,41314.38,2730.0
2022-08-02,6378.28,31914.6,4236.19,204244,300162,0,40734.340000000004,2682.0
2022-08-03,6497.01,32701.32,4119.43,211227,298081,0,41345.75,2623.0
2022-08-04,144527.78,36278.32,4569.75,225030,314876,0,45708.67,2864.0
2022-08-05,180429.46,37306.71,4777.5,238318,321783,0,46984.66,2907.0
2022-08-06,36947.59,31323.66,4008.36,181444,256052,0,38763.48,2275.0
2022-08-07,5821.51,27907.16,3952.02,167531,246283,0,35111.93,2013.0
2022-08-08,265726.12,33342.09,4199.4,217775,304073,0,42151.29,2755.0
2022-08-09,90323.34000000001,33412.1,4282.86,222430,307234,0,42240.91,2642.0
2022-08-10,84006.15000000001,34144.63,4501.65,221601,316511,0,43586.33,2765.0
2022-08-11,110731.2,37049.15,4674.03,245843,340966,0,46857.58,2967.0
2022-08-12,18074.99,36296.76,4533.13,231311,313878,0,45683.13,2883.0
2022-08-13,34157.03,32004.84,3930.54,196104,271714,0,39343.43,2480.0
2022-08-14,6198.56,29561.68,3923.47,181622,252340,0,36872.35,2178.0
2022-08-15,64810.17,32666.47,3765.35,204742,291253,0,40910.47,2614.0
2022-08-16,60075.520000000004,30830.84,3768.19,209164,303098,0,39184.18,2680.0
2022-08-17,51635.38,31965.19,4142.86,212543,302736,0,40800.45,2711.0
2022-08-18,322080.12000000005,36284.37,4444.12,224892,309935,0,45372.44,2813.0
2022-08-19,255235.53999999998,35120.7,4335.18,220552,311105,0,43970.68,2794.0
2022-08-20,336821.35,33390.38,4142.2699999999995,205969,286045,0,41173.35,2480.0
2022-08-21,84342.75,31021.51,3787.46,182650,253852,0,38114.32,2152.0
2022-08-22,6289.92,31138.24,4178.73,210348,301305,0,39877.07,2637.0
2022-08-23,157686.98,33209.01,4173.86,219860,302214,0,42184.520000000004,2741.0
2022-08-24,42340.95,35502.96,4221.69,226325,319718,0,44449.3,2870.0
2022-08-25,187285.40000000002,34862.78,4192.21,218652,308653,0,43780.29,2827.0
2022-08-26,7010.15,34509.85,4388.81,221010,301242,0,43482.71,2787.0
2022-08-27,195038.26,34130.94,3988.4,198447,272280,0,41680.49,2483.0
2022-08-28,6206.69,31147.85,3776.11,168398,238832,0,38308.96,2089.0
2022-08-29,92527.76999999999,35528.48,4328.89,215036,307146,0,44483.52,2750.0
2022-08-30,7632.78,40989.76,5161.84,235185,340417,0,51156.5,2973.0
2022-08-31,389295.65,39079.34,5113.7699999999995,229296,310005,0,49149.01,2868.0
2022-09-01,8276.84,42123.33,5498.05,232236,324314,0,52695.48,3019.0
2022-09-02,620482.5499999999,41460.92,5354.15,237148,318960,0,51737.32,3000.0
2022-09-03,358281.93,37573.0,4454.25,195034,269143,0,45774.15,2501.0
2022-09-04,172791.32,32938.25,4539.15,166686,234949,0,40699.7,2091.0
2022-09-05,7482.17,35808.52,5048.32,196991,280052,0,45125.39,2374.0
2022-09-06,152549.3,41483.77,5799.51,230558,333236,0,52346.0,2839.0
2022-09-07,8976.94,43895.97,5453.76,259010,367548,0,54977.53,3218.0
2022-09-08,147315.88999999998,49937.19,6562.57,296513,396641,0,62448.86,3622.0
2022-09-09,133698.68,42428.3,5355.14,250434,343854,0,53084.74,3153.0
2022-09-10,1272298.78,38885.53,5199.29,223762,306850,0,48058.47,2612.0
2022-09-11,242969.53,35740.32,4834.51,193373,270484,0,44120.08,2228.0
2022-09-12,211502.09,36726.61,4632.21,241260,328545,0,46232.87,2831.0
2022-09-13,62611.97,37436.33,4708.3,241241,334131,0,47220.12,2855.0
2022-09-14,38790.86,38240.99,4971.03,256171,346479,0,48220.12,3099.0
2022-09-15,44441.15,39872.41,5285.82,244880,339271,0,50338.98,2930.0
2022-09-16,255569.94,38649.88,4712.0,249250,335841,0,48264.33,3002.0
2022-09-17,59647.869999999995,36798.76,4792.5,216266,300316,0,45550.96,2656.0
2022-09-18,6015.9,29561.57,4094.64,177320,252433,0,36986.86,2066.0
2022-09-19,89329.66,35443.28,4580.61,229722,323656,0,44915.64,2765.0
2022-09-20,192635.97999999998,38398.78,5255.81,244641,335412,0,48639.49,2815.0
2022-09-21,360753.33,40852.98,5513.78,266978,365413,0,51641.43,3166.0
2022-09-22,452811.44,40897.56,5483.9,263302,360418,0,51717.41,3099.0
2022-09-23,91197.39,43936.19,5554.76,263224,343407,0,54523.29,3058.0
2022-09-24,444232.68999999994,38836.43,5117.54,223765,303602,0,47948.22,2621.0
2022-09-25,39321.17,29746.32,4396.48,186412,266349,0,37558.35,2099.0
2022-09-26,6750.52,32565.82,4095.94,213192,301386,0,41074.41,2606.0
2022-09-27,379209.09,32666.1,4637.0199999999995,216075,308611,0,42099.62,2697.0
2022-09-28,501962.00999999995,36938.71,4897.41,246404,356728,0,47089.02,3013.0
2022-09-29,46606.590000000004,37664.71,5044.61,247811,344155,0,47720.82,2978.0
2022-09-30,289675.45,38673.59,4915.38,246635,339845,0,48491.72,2989.0
2022-10-01,360479.44,35069.92,5070.11,209159,291317,0,43952.38,2450.0
2022-10-02,130277.06,28079.22,3813.0,168584,242332,0,34985.42,1984.0
2022-10-03,283418.33,34573.7,4423.1,239141,329320,0,43820.2,2865.0
2022-10-04,463660.22,32795.56,4422.14,221086,305877,0,41654.95,2679.0
2022-10-05,381789.42,30800.24,4038.13,215396,309465,0,39359.87,2739.0
2022-10-06,333750.41000000003,36424.91,4905.03,241913,327829,0,46181.54,2968.0
2022-10-07,52654.939999999995,41396.91,5328.17,248521,333619,0,51744.53,2949.0
2022-10-08,7217.25,36904.68,4914.89,214629,297684,0,45616.07,2639.0
2022-10-09,199618.63999999998,30208.11,4150.99,173588,250143,0,37554.87,2169.0
2022-10-10,67337.92,30171.53,4034.15,196213,288328,0,38413.13,2429.0
2022-10-11,6259.11,31597.83,4041.59,211121,303664,0,39972.82,2759.0
2022-10-12,157548.72,35140.15,4974.71,234431,331985,0,44885.66,2957.0
2022-10-13,396331.61,37124.73,4931.25,245238,343685,0,46939.53,3032.0
2022-10-14,322043.9,38768.14,4997.28,247622,337942,0,48646.270000000004,3041.0
2022-10-15,51243.31,36459.34,5288.53,221859,322204,0,45971.27,2689.0
2022-10-16,337829.99,29877.21,4126.59,179465,271423,0,37574.85,2197.0
2022-10-17,233925.28,33981.11,4310.39,223889,317638,0,42922.82,2784.0
2022-10-18,73551.21999999999,34976.15,4824.3,227801,323029,0,44581.95,2913.0
2022-10-19,205677.08,38108.52,5203.56,252007,349149,0,48494.93,3043.0
2022-10-20,426455.84,38678.86,5115.19,253054,351459,0,49042.4,3138.0
2022-10-21,7198.88,36418.24,4634.25,235351,321198,0,45806.29,2857.0
2022-10-22,199028.53000000003,35432.28,5137.08,211205,299456,0,44382.75,2488.0
2022-10-23,483893.97,28967.32,4361.2,184331,261753,0,36900.62,2126.0
2022-10-24,222347.31,35238.05,4721.73,239379,339209,0,45072.88,2848.0
2022-10-25,240254.28,34344.79,4430.56,230371,319466,0,43539.15,2757.0
2022-10-26,7391.41,37097.23,4918.96,246035,348321,0,47251.99,3009.0
2022-10-27,318110.74,39734.84,5234.85,252393,360350,0,50318.590000000004,3239.0
2022-10-28,173116.76,38013.77,5093.83,246163,351816,0,48368.5,3040.0
2022-10-29,189411.31,35993.64,4998.7,220769,312293,0,45026.89,2565.0
2022-10-30,8356.88,29755.81,4094.2599999999998,178999,262839,0,37351.77,2157.0
2022-10-31,57613.05,32251.66,4092.32,212831,297680,0,40559.03,2677.0
2022-11-01,95586.16,33890.3,4414.03,236464,317335,0,42957.53,2823.0
2022-11-02,397587.56,35745.54,4696.99,238300,338242,0,45421.28,3022.0
2022-11-03,100794.27,37246.57,4951.15,242157,343755,0,47201.92,3059.0
2022-11-04,284808.39,36901.26,5095.76,246352,344816,0,47101.87,3081.0
2022-11-05,174452.61,32222.64,4507.92,203013,294055,0,40435.91,2554.0
2022-11-06,107577.22,23209.44,3293.73,147732,200654,0,29011.170000000002,1749.0
2022-11-07,6170.03,31665.03,3865.04,214558,301928,0,40053.62,2836.0
2022-11-08,251290.56,30611.63,4185.48,212615,304448,0,39157.11,2687.0
2022-11-09,20390.0,36382.57,4880.34,243210,340841,0,46341.91,2979.0
2022-11-10,107634.54000000001,38164.67,5070.1,243130,336335,0,48070.52,2916.0
2022-11-11,7100.86,34294.13,4962.44,224327,316716,0,43595.82,2550.0
2022-11-12,268443.45,29797.69,3913.23,189187,276380,0,37268.32,2409.0
2022-11-13,240626.4,26220.94,3604.98,170220,250517,0,33180.12,2073.0
2022-11-14,291277.53,25415.9,3624.11,171773,245776,0,32785.66,2228.0
2022-11-15,232554.81,29433.33,4345.78,207128,293833,0,37963.86,2427.0
2022-11-16,391121.47000000003,29325.48,4375.41,205411,290368,0,37879.24,2484.0
2022-11-17,63432.350000000006,31820.03,4461.35,208640,293081,0,40556.78,2515.0
2022-11-18,238288.63,34234.11,4360.84,227022,309488,0,43006.35,2788.0
2022-11-19,6234.47,30142.81,4269.19,183104,251675,0,37602.55,2108.0
2022-11-20,342024.6,26462.47,3650.3,162206,221991,0,33025.42,1866.0
2022-11-21,264003.32,33835.13,4571.37,218902,305693,0,42834.4,2667.0
2022-11-22,39762.96,36490.41,4723.89,228917,326666,0,45952.25,2735.0
2022-11-23,413821.74,34529.63,4380.1,223433,310408,0,43238.13,2810.0
2022-11-24,127235.83,24201.94,2947.74,151735,216788,0,30072.28,1870.0
2022-11-25,47196.18,23493.12,2933.63,165016,243303,0,29857.5,2215.0
2022-11-26,14752.130000000001,24658.05,3277.59,167986,247994,0,31093.89,2204.0
2022-11-27,460379.87,21632.79,3088.67,149953,229270,0,27708.96,1897.0
2022-11-28,43478.07,33500.77,4085.39,223805,322712,0,42090.46,2886.0
2022-11-29,6532.07,33995.64,4265.07,219456,311833,0,42870.56,2746.0
2022-11-30,146201.33000000002,34551.12,4715.2,227815,322677,0,44059.52,2787.0
2022-12-01,35060.0,40059.07,5087.5,253603,364608,0,50476.42,3249.0
2022-12-02,230944.65,36547.61,4853.67,245561,337951,0,46427.83,3041.0
2022-12-03,32577.949999999997,32088.73,4493.3,199401,280291,0,40242.53,2338.0
2022-12-04,224753.13,28209.61,3801.78,174160,254769,0,35226.14,2176.0
2022-12-05,48591.94,34614.16,4391.07,225250,313008,0,43702.58,2734.0
2022-12-06,180350.43,34167.5,4507.88,225063,316696,0,43194.18,2666.0
2022-12-07,75541.66999999998,36943.18,4873.31,246223,342190,0,46701.49,2984.0
2022-12-08,405860.63,41857.23,5436.4,266402,385363,0,52937.23,3339.0
2022-12-09,8647.67,40693.52,5232.16,263089,360198,0,51052.63,3128.0
2022-12-10,55774.17,38070.37,5252.3,231005,327898,0,47702.27,2802.0
2022-12-11,24590.38,29261.29,4241.45,180708,271919,0,37073.69,2144.0
2022-12-12,7212.4800000000005,36391.79,4738.14,240055,339576,0,46187.88,2924.0
2022-12-13,246840.11000000002,36763.97,4950.17,238962,336862,0,46600.89,2773.0
2022-12-14,308367.98000000004,39144.09,5385.5,251039,356807,0,49923.24,2988.0
2022-12-15,8423.56,41196.78,5632.95,267181,368717,0,52335.33,3145.0
2022-12-16,74960.65,42514.97,6007.55,266876,375326,0,54114.57,3066.0
2022-12-17,8940.35,37337.18,5080.19,223083,322838,0,46599.32,2696.0
2022-12-18,88019.17,28290.48,4051.24,180138,251176,0,35465.22,1995.0
2022-12-19,388649.97,49030.05,5925.42,281434,382602,0,63302.02,3686.0
2022-12-20,12364.53,52841.56,6572.67,284583,397864,0,68497.43,3699.0
2022-12-21,287210.38999999996,54578.27,6433.51,291361,404042,0,70418.63,3897.0
2022-12-22,9769.06,54218.04,6309.2300000000005,288237,394806,0,69799.72,3737.0
2022-12-23,9564.84,50412.8,5920.27,288185,368157,0,65121.52,3735.0
2022-12-24,35162.31,34900.22,3479.68,195019,254839,0,42887.85,2653.0
2022-12-25,4070.39,23134.65,2744.24,128628,178765,0,29214.69,1665.0
2022-12-26,4861.19,28541.51,3359.41,171643,235901,0,36189.62,2229.0
2022-12-27,8029.92,38372.27,4357.15,209549,296552,0,49504.87,2859.0
2022-12-28,5741.31,37279.94,3925.24,210843,293789,0,47872.48,2972.0
2022-12-29,79490.58,40517.38,4147.34,229134,314744,0,51686.82,3129.0
2022-12-30,6795.41,43623.12,4659.45,229376,315627,0,55862.47,3290.0
2022-12-31,6045.21,37955.69,4224.61,205979,276393,0,47242.7,2712.0
2023-01-01,5191.36,27501.48,3484.45,148312,209734,0,34885.03,1800.0
2023-01-02,4527.0,26414.99,3175.47,147915,219774,0,33659.66,2061.0
2023-01-03,5451.44,34084.35,4244.55,204156,294325,0,44988.45,2838.0
2023-01-04,5872.38,37121.56,4219.15,230212,325483,0,48908.01,3230.0
2023-01-05,14978.98,41235.24,4902.3,236059,327183,0,53844.19,3166.0
2023-01-06,50216.130000000005,41719.22,5076.9,246223,346180,0,54754.92,3370.0
2023-01-07,5944.43,36047.82,4357.04,208826,292059,0,45773.16,2806.0
2023-01-08,6815.57,26203.16,3475.61,162032,231925,0,33994.77,2123.0
2023-01-09,7786.99,36508.27,4517.82,219061,307427,0,48166.29,2924.0
2023-01-10,6669.55,35918.23,4466.8,214695,301650,0,47365.53,2786.0
2023-01-11,133132.49,41065.62,5344.87,244269,343670,0,54574.59,3239.0
2023-01-12,8165.96,41571.8,5495.53,251536,345403,0,55321.73,3249.0
2023-01-13,9285.39,43368.39,5518.85,246829,340242,0,57267.04,3247.0
2023-01-14,9529.63,36475.49,4737.56,216503,295824,0,46712.9,2821.0
2023-01-15,15439.77,30467.12,3998.37,178363,253654,0,39132.29,2275.0
2023-01-16,4552.13,26310.87,3529.27,154904,227109,0,34087.99,1990.0
2023-01-17,7471.55,37504.93,4855.04,218086,309970,0,49582.92,2903.0
2023-01-18,5984.87,38960.95,5264.85,227051,325040,0,51929.6,2999.0
2023-01-19,15713.5,43857.56,6020.06,265354,362673,0,58688.47,3227.0
2023-01-20,53009.84,40578.69,5264.42,241637,342336,0,53905.96,3107.0
2023-01-21,20112.21,36481.13,4796.61,212657,291396,0,46766.19,2757.0
2023-01-22,8855.42,28385.91,4142.0,170094,245482,0,37111.81,2201.0
2023-01-23,6002.66,38978.13,4991.64,232873,328623,0,51416.77,3046.0
2023-01-24,11426.12,39593.22,4995.07,240000,344835,0,52592.49,3116.0
2023-01-25,12613.66,43513.25,6113.68,269168,376751,0,58470.83,3348.0
2023-01-26,11614.01,44045.47,5648.14,261548,360229,0,58244.31,3388.0
2023-01-27,6447.18,39837.95,5188.58,240897,337247,0,52953.78,3107.0
2023-01-28,5816.8,35164.26,4757.53,212171,285959,0,45295.09,2678.0
2023-01-29,73546.49,28448.09,3694.17,169862,242015,0,36434.26,2117.0
2023-01-30,8226.09,36815.59,4694.57,224227,313753,0,48783.26,2893.0
2023-01-31,13170.0,38772.7,4960.57,228632,317049,0,51141.36,2975.0
2023-02-01,41120.53,40543.89,5402.49,249321,355500,0,54269.78,3253.0
2023-02-02,13075.68,42051.4,5405.41,253972,352913,0,55765.16,3283.0
2023-02-03,10539.75,44999.76,5805.52,276781,384054,0,59861.73,3441.0
2023-02-04,8595.63,31099.46,4018.08,194016,256159,0,39822.94,2213.0
2023-02-05,9941.5,28828.98,3721.27,172733,240812,0,36952.65,2170.0
2023-02-06,5859.32,36284.74,4736.87,229305,321477,0,48241.76,2957.0
2023-02-07,243113.42,40535.54,5209.82,244495,343882,0,53728.26,3145.0
2023-02-08,57791.08,42066.6,5438.25,252709,354257,0,55794.55,3281.0
2023-02-09,23641.03,45115.82,6142.05,261979,366621,0,60004.77,3273.0
2023-02-10,105811.47,44191.86,5703.56,254729,358289,0,58642.77,3327.0
2023-02-11,7381.25,38490.14,4644.0,226173,302700,0,48788.04,2806.0
2023-02-12,9252.11,31419.6,4049.88,191618,260199,0,40408.13,2368.0
2023-02-13,52930.28,35690.08,4764.18,219864,315050,0,47594.16,2794.0
2023-02-14,15198.800000000001,41383.4,5107.29,248294,346302,0,54390.64,3137.0
2023-02-15,90732.13,43539.3,5911.44,255578,364597,0,58027.24,3234.0
2023-02-16,9503.91,44375.74,5852.33,266736,368313,0,59075.72,3315.0
2023-02-17,11979.85,45219.95,5909.46,265743,360381,0,59826.66,3364.0
2023-02-18,12151.65,35792.09,4307.4,212352,289533,0,45369.34,2768.0
2023-02-19,5484.51,30389.39,3956.02,179435,248506,0,38988.76,2292.0
2023-02-20,5607.1,30906.69,3801.59,181122,256583,0,39382.48,2235.0
2023-02-21,6600.59,39117.36,5013.67,234669,330917,0,51929.48,2975.0
2023-02-22,20044.16,41045.24,5391.21,250611,349201,0,54476.0,3124.0
2023-02-23,13240.62,42595.67,5554.12,253355,354651,0,56616.59,3217.0
2023-02-24,42131.939999999995,43272.1,5559.38,262563,365403,0,57602.88,3479.0
2023-02-25,6757.35,34708.25,4577.01,210250,282900,0,44506.51,2572.0
2023-02-26,9205.35,30456.95,4146.87,173342,240176,0,39221.02,2156.0
2023-02-27,22622.17,38088.31,4565.56,236448,331849,0,50262.27,3150.0
2023-02-28,27298.25,36285.97,4828.09,220193,309478,0,48369.91,2778.0
2023-03-01,12591.28,42951.99,5494.04,260095,358771,0,56782.83,3356.0
2023-03-02,46569.310000000005,43137.24,5525.96,255929,369331,0,57278.85,3324.0
2023-03-03,41709.14,46216.36,5522.92,268347,367705,0,60569.53,3559.0
2023-03-04,9945.03,36824.53,4378.99,212980,295508,0,46778.57,2858.0
2023-03-05,16132.22,31935.74,4380.94,185186,256448,0,40996.68,2378.0
2023-03-06,23734.6,38234.51,4763.66,222624,318981,0,50396.02,3000.0
2023-03-07,22085.74,42774.06,5382.37,254542,357576,0,56608.93,3389.0
2023-03-08,6682.92,42418.44,5542.42,243975,345150,0,56247.61,3343.0
2023-03-09,7416.42,46070.06,5956.83,259461,366790,0,60839.34,3265.0
2023-03-10,7739.15,43908.3,5671.57,254904,351249,0,58039.02,3203.0
2023-03-11,12368.87,35172.89,4574.2300000000005,204325,288274,0,45100.87,2750.0
2023-03-12,11243.09,29883.95,4264.71,168829,251585,0,38843.81,2243.0
2023-03-13,59499.64,39279.97,4966.87,237495,337077,0,52111.49,3037.0
2023-03-14,113804.75999999998,38751.27,5187.49,230923,327508,0,51498.26,2908.0
2023-03-15,16576.06,44131.73,5675.5,253704,360655,0,58311.63,3230.0
2023-03-16,16440.81,46678.06,5794.08,260158,360469,0,61379.18,3422.0
2023-03-17,64752.46,46079.81,5525.09,263380,357844,0,60017.4,3450.0
2023-03-18,19828.32,37297.45,4498.97,204451,284408,0,47002.17,2800.0
2023-03-19,11949.98,32512.31,4230.92,181317,256665,0,41637.53,2354.0
2023-03-20,22421.03,39055.91,4879.9,225095,316829,0,51542.86,3057.0
2023-03-21,8457.13,39167.43,4729.92,219557,307674,0,51250.45,2957.0
2023-03-22,22870.230000000003,39010.83,4663.3,222247,316927,0,51130.78,2999.0
2023-03-23,31849.68,39006.08,5007.06,222571,310043,0,51462.69,2847.0
2023-03-24,14646.8,40731.78,5061.7,234327,321404,0,53632.33,3079.0
2023-03-25,10165.380000000001,35255.41,4440.91,201212,271214,0,44772.97,2576.0
2023-03-26,82836.75,28615.95,3601.2,166096,237717,0,36533.35,2169.0
2023-03-27,51598.189999999995,37872.98,4693.04,228958,316408,0,50160.42,2981.0
2023-03-28,5823.62,36334.9,4640.37,208403,300135,0,47940.37,2764.0
2023-03-29,19769.579999999998,40586.25,5428.02,239927,332345,0,53878.47,3062.0
2023-03-30,98636.40000000001,44028.91,5647.65,256272,350454,0,57825.21,3201.0
2023-03-31,6750.26,42034.0,5299.84,244266,320441,0,55338.39,3167.0
2023-04-01,27575.64,35127.05,4479.81,204064,272900,0,44739.76,2530.0
2023-04-02,27046.75,31671.55,4152.16,182106,257889,0,40573.46,2302.0
2023-04-03,22515.03,38930.96,4798.01,228706,321484,0,51148.02,3008.0
2023-04-04,19248.6,39785.03,5055.97,226814,318850,0,52557.45,2986.0
2023-04-05,6179.26,40897.54,5293.04,231949,330108,0,54079.08,2995.0
2023-04-06,10526.47,39752.16,5466.71,220865,313958,0,52893.32,2831.0
2023-04-07,143006.27,36624.42,4428.89,211311,295355,0,48276.41,2888.0
2023-04-08,5749.03,33886.94,4028.5099999999998,193079,263117,0,42798.6,2530.0
2023-04-09,36023.07,32618.11,4257.7,183163,264708,0,41879.31,2361.0
2023-04-10,6340.55,38403.25,4904.59,222479,320532,0,50799.14,2804.0
2023-04-11,6331.17,39189.66,5175.82,223364,326284,0,52003.73,2855.0
2023-04-12,15893.72,38112.81,4969.91,208977,300302,0,50292.22,2787.0
2023-04-13,21261.92,40172.9,5272.92,223992,317125,0,52957.07,2952.0
2023-04-14,32300.05,41367.85,5387.53,231911,323281,0,54810.58,3056.0
2023-04-15,6215.67,38388.46,4634.51,206407,288066,0,48363.27,2661.0
2023-04-16,5749.95,32669.829999999998,4236.06,173638,248482,0,41834.04,2261.0
2023-04-17,79336.98000000001,38494.78,4847.07,223538,316421,0,50631.4,2877.0
2023-04-18,20308.61,40783.64,5431.13,237457,331009,0,53939.37,3002.0
2023-04-19,6297.93,40104.48,5165.95,222854,312369,0,52730.18,2818.0
2023-04-20,22521.100000000002,45282.1,5797.24,244310,337858,0,59238.59,3073.0
2023-04-21,15041.679999999998,34347.24,4187.77,194720,264006,0,44881.21,2408.0
2023-04-22,6459.85,38156.63,4849.95,210570,286688,0,48464.28,2601.0
2023-04-23,5375.18,31903.58,4470.2,168728,249670,0,41121.98,2115.0
2023-04-24,123827.76,38502.39,5071.8,223437,313472,0,51015.59,2757.0
2023-04-25,17517.21,43364.68,5644.58,232342,337416,0,57088.41,3017.0
2023-04-26,7094.56,44984.18,5754.72,250072,350071,0,59100.55,3201.0
2023-04-27,7509.73,48302.46,6282.53,262433,372023,0,63568.54,3340.0
2023-04-28,67022.36,47448.67,6461.72,266810,369584,0,63011.68,3352.0
2023-04-29,17415.24,34201.86,4749.7,192103,261053,0,43869.66,2276.0
2023-04-30,50077.65,31122.94,4778.28,172772,252723,0,40580.77,2134.0
2023-05-01,161073.74,42252.57,5379.73,239342,342635,0,55411.4,3118.0
2023-05-02,16977.21,37757.44,4802.2,209338,294415,0,49654.39,2756.0
2023-05-03,14846.439999999999,39918.18,5301.49,227997,326549,0,52950.92,2927.0
2023-05-04,11201.5,41175.67,5604.97,225582,328089,0,54763.79,3009.0
2023-05-05,14435.86,40602.45,5179.19,228647,312043,0,53498.84,2948.0
2023-05-06,17426.36,38947.49,5025.2,204163,279966,0,49335.84,2682.0
2023-05-07,28398.62,33388.35,4268.24,171527,247004,0,42637.29,2300.0
2023-05-08,5988.46,38547.14,5037.89,218595,306584,0,51019.33,2887.0
2023-05-09,40704.66,40095.68,5501.63,226547,319509,0,53235.56,2935.0
2023-05-10,22901.77,41683.57,5494.08,232187,319563,0,54582.45,2925.0
2023-05-11,7519.96,47581.37,6570.43,263119,372020,0,63432.7,3264.0
2023-05-12,147722.16,45692.88,5969.07,251462,353168,0,60312.15,3279.0
2023-05-13,43509.719999999994,39261.27,4995.5,215933,294194,0,49806.17,2627.0
2023-05-14,28230.93,37322.29,4895.29,199457,293360,0,47807.73,2505.0
2023-05-15,287028.58,40911.95,5362.74,231773,330108,0,54148.84,2956.0
2023-05-16,14534.68,43239.42,5812.61,236146,336558,0,56989.83,2853.0
2023-05-17,32567.190000000002,49325.2,6921.71,258405,371154,0,65147.06,3143.0
2023-05-18,99725.25,49339.52,7025.13,263455,365577,0,65416.1,3199.0
2023-05-19,73583.84,48980.88,6442.85,259388,362147,0,64297.13,3298.0
2023-05-20,16853.03,39525.94,5213.07,211191,291940,0,50177.36,2493.0
2023-05-21,19137.57,37204.83,5092.15,182092,268523,0,47542.28,2271.0
2023-05-22,48226.53,38862.64,4880.99,219453,319763,0,51277.93,2967.0
2023-05-23,17264.91,39489.26,5473.17,218219,315668,0,52656.48,2693.0
2023-05-24,18919.640000000003,43861.57,6205.64,244647,350935,0,58842.01,3004.0
2023-05-25,17810.93,43379.31,5995.14,233759,341522,0,57948.9,3059.0
2023-05-26,6801.94,42186.93,5236.28,230128,316737,0,55161.61,2903.0
2023-05-27,9623.02,34670.22,4215.74,177055,250390,0,43722.51,2334.0
2023-05-28,16791.699999999997,29569.65,3802.96,155841,219493,0,37625.36,1975.0
2023-05-29,12755.57,29645.5,4074.39,160849,240396,0,38290.14,2056.0
2023-05-30,6351.57,39681.02,5116.68,211871,309220,0,52179.71,2735.0
2023-05-31,27116.1,43968.89,5978.87,229445,328318,0,57927.21,2907.0
2023-06-01,3.64,20.5,5.75,255,97,0,28.75,1.0
2023-06-05,2.28,14.2,3.34,129,146,0,20.04,1.0
2023-06-06,0.24,0.0,0.0,248,248,0,0.0,6.0
