,pickup_date,weekday,total_amount,row_count
0,2021-01-01,Viernes,467086.16,24827
1,2021-01-02,Sábado,650303.53,34309
2,2021-01-03,Domingo,538830.02,26345
3,2021-01-04,Lunes,825588.0700000001,44545
4,2021-01-05,Martes,830567.6,46880
5,2021-01-06,Miércoles,859778.3200000001,49547
6,2021-01-07,Jueves,886008.23,50290
7,2021-01-08,Viernes,871206.52,50477
8,2021-01-09,Sábado,695909.55,39911
9,2021-01-10,Domingo,556351.0,29855
10,2021-01-11,Lunes,816635.16,46849
11,2021-01-12,Martes,868226.91,50133
12,2021-01-13,Miércoles,873117.08,51306
13,2021-01-14,Jueves,925183.82,53051
14,2021-01-15,Viernes,924665.2,53024
15,2021-01-16,Sábado,668848.28,38723
16,2021-01-17,Domingo,576767.92,31985
17,2021-01-18,Lunes,653267.58,37092
18,2021-01-19,Martes,889278.46,51149
19,2021-01-20,Miércoles,836173.93,49437
20,2021-01-21,Jueves,929307.27,53280
21,2021-01-22,Viernes,933129.18,54285
22,2021-01-23,Sábado,698308.62,42054
23,2021-01-24,Domingo,554128.97,31033
24,2021-01-25,Lunes,821057.0700000001,47423
25,2021-01-26,Martes,805651.51,47818
26,2021-01-27,Miércoles,894418.64,52655
27,2021-01-28,Jueves,959114.49,56444
28,2021-01-29,Viernes,929731.06,54602
29,2021-01-30,Sábado,657641.24,39233
30,2021-01-31,Domingo,539195.22,31183
31,2021-02-01,Lunes,32.94,3
32,2021-02-22,Lunes,10.56,1
33,2021-09-30,Jueves,1201.07,62
34,2021-10-01,Viernes,2420482.84,117062
35,2021-10-02,Sábado,2237654.45,115086
36,2021-10-03,Domingo,1966996.77,91230
37,2021-10-04,Lunes,2001830.23,96858
38,2021-10-05,Martes,2090068.67,106648
39,2021-10-06,Miércoles,2258767.51,113020
40,2021-10-07,Jueves,2453635.76,118556
41,2021-10-08,Viernes,2491611.29,120242
42,2021-10-09,Sábado,2266199.09,116817
43,2021-10-10,Domingo,1935289.47,93850
44,2021-10-11,Lunes,1822223.26,86890
45,2021-10-12,Martes,2170632.56,108054
46,2021-10-13,Miércoles,2254944.36,112723
47,2021-10-14,Jueves,2493891.04,121767
48,2021-10-15,Viernes,2572622.19,124091
49,2021-10-16,Sábado,2335521.01,121955
50,2021-10-17,Domingo,2118439.79,100790
51,2021-10-18,Lunes,2133219.08,103856
52,2021-10-19,Martes,2197696.31,110716
53,2021-10-20,Miércoles,2372404.49,119077
54,2021-10-21,Jueves,2528948.33,122809
55,2021-10-22,Viernes,2530945.62,122858
56,2021-10-23,Sábado,2333060.25,119757
57,2021-10-24,Domingo,2077260.1,98929
58,2021-10-25,Lunes,2065891.59,99949
59,2021-10-26,Martes,2016505.19,101866
60,2021-10-27,Miércoles,2426612.47,119847
61,2021-10-28,Jueves,2587095.84,125607
62,2021-10-29,Viernes,2648874.43,130631
63,2021-10-30,Sábado,2308751.08,119589
64,2021-10-31,Domingo,2110420.7,102263
65,2021-11-01,Lunes,411.53,14
66,2021-11-16,Martes,30.6,2
67,2021-12-08,Miércoles,27.88,1
68,2021-10-31,Domingo,1011.85,47
69,2021-11-01,Lunes,2220274.32,106486
70,2021-11-02,Martes,2213131.68,115847
71,2021-11-03,Miércoles,2417255.02,121837
72,2021-11-04,Jueves,2608809.32,127917
73,2021-11-05,Viernes,2685987.21,129921
74,2021-11-06,Sábado,2522553.71,131460
75,2021-11-07,Domingo,2205981.45,100647
76,2021-11-08,Lunes,2273000.85,106822
77,2021-11-09,Martes,2419704.98,118745
78,2021-11-10,Miércoles,2630522.71,126617
79,2021-11-11,Jueves,2612379.53,123715
80,2021-11-12,Viernes,2626567.08,128010
81,2021-11-13,Sábado,2608377.29,132310
82,2021-11-14,Domingo,2365904.54,109696
83,2021-11-15,Lunes,2423519.64,114815
84,2021-11-16,Martes,2512578.1,122700
85,2021-11-17,Miércoles,2610318.96,126605
86,2021-11-18,Jueves,2792572.67,133377
87,2021-11-19,Viernes,2837751.47,135462
88,2021-11-20,Sábado,2636559.03,131453
89,2021-11-21,Domingo,2233377.22,105078
90,2021-11-22,Lunes,2314106.43,112469
91,2021-11-23,Martes,2538900.12,120235
92,2021-11-24,Miércoles,2264835.11,108408
93,2021-11-25,Jueves,1439736.15,70312
94,2021-11-26,Viernes,1779629.36,89887
95,2021-11-27,Sábado,2137334.24,104505
96,2021-11-28,Domingo,2052436.67,90990
97,2021-11-29,Lunes,2303880.47,107130
98,2021-11-30,Martes,2510560.48,119366
99,2021-12-01,Miércoles,621.52,21
100,2021-12-18,Sábado,34.68,3
101,2021-12-19,Domingo,76.39999999999999,2
102,2021-12-21,Martes,35.54,2
103,2021-11-30,Martes,1253.94,54
104,2021-12-01,Miércoles,2554847.58,121986
105,2021-12-02,Jueves,2739790.48,128647
106,2021-12-03,Viernes,2836437.05,136231
107,2021-12-04,Sábado,2658478.89,132392
108,2021-12-05,Domingo,2412987.89,109654
109,2021-12-06,Lunes,2395795.75,112665
110,2021-12-07,Martes,2597753.01,126649
111,2021-12-08,Miércoles,2749350.63,131662
112,2021-12-09,Jueves,2887334.96,134724
113,2021-12-10,Viernes,2879393.97,133497
114,2021-12-11,Sábado,2647709.58,130247
115,2021-12-12,Domingo,2384260.35,107167
116,2021-12-13,Lunes,2353021.46,111299
117,2021-12-14,Martes,2467388.86,120218
118,2021-12-15,Miércoles,2583136.34,125048
119,2021-12-16,Jueves,2669893.21,126270
120,2021-12-17,Viernes,2635029.68,124147
121,2021-12-18,Sábado,2186735.18,110279
122,2021-12-19,Domingo,1933518.33,91200
123,2021-12-20,Lunes,1944462.22,94213
124,2021-12-21,Martes,1882461.47,93093
125,2021-12-22,Miércoles,1853695.52,91699
126,2021-12-23,Jueves,1770434.14,87850
127,2021-12-24,Viernes,1327291.09,69619
128,2021-12-25,Sábado,876040.07,40807
129,2021-12-26,Domingo,1221675.22,54705
130,2021-12-27,Lunes,1482914.24,69897
131,2021-12-28,Martes,1578312.42,75037
132,2021-12-29,Miércoles,1570342.82,74989
133,2021-12-30,Jueves,1638215.07,77968
134,2021-12-31,Viernes,1414858.99,70402
135,2021-01-31,Domingo,170.86,8
136,2021-02-01,Lunes,130119.42,6803
137,2021-02-02,Martes,502990.39,29178
138,2021-02-03,Miércoles,1001227.8,55440
139,2021-02-04,Jueves,1117201.95,59326
140,2021-02-05,Viernes,1041396.58,57770
141,2021-02-06,Sábado,849422.04,49987
142,2021-02-07,Domingo,486237.38,27488
143,2021-02-08,Lunes,916848.29,51729
144,2021-02-09,Martes,923042.66,52733
145,2021-02-10,Miércoles,1036861.0,57855
146,2021-02-11,Jueves,1029083.96,58625
147,2021-02-12,Viernes,1131851.31,63611
148,2021-02-13,Sábado,814403.24,48355
149,2021-02-14,Domingo,692746.24,39672
150,2021-02-15,Lunes,698125.06,40322
151,2021-02-16,Martes,913410.53,51211
152,2021-02-17,Miércoles,1060142.15,60166
153,2021-02-18,Jueves,652159.18,38121
154,2021-02-19,Viernes,899473.03,53029
155,2021-02-20,Sábado,864311.01,51340
156,2021-02-21,Domingo,661534.11,37119
157,2021-02-22,Lunes,891851.65,50699
158,2021-02-23,Martes,1002568.4,57160
159,2021-02-24,Miércoles,1060569.91,59969
160,2021-02-25,Jueves,1111262.44,61984
161,2021-02-26,Viernes,1154726.34,65394
162,2021-02-27,Sábado,833289.6,48980
163,2021-02-28,Domingo,675307.4400000001,37612
164,2021-03-01,Lunes,17.89,2
165,2021-02-28,Domingo,107.6,7
166,2021-03-01,Lunes,970698.61,54836
167,2021-03-02,Martes,1066016.89,61843
168,2021-03-03,Miércoles,1105674.17,63297
169,2021-03-04,Jueves,1162846.79,67141
170,2021-03-05,Viernes,1223708.14,69582
171,2021-03-06,Sábado,928215.11,55004
172,2021-03-07,Domingo,707911.45,38947
173,2021-03-08,Lunes,999191.1,56282
174,2021-03-09,Martes,1084855.97,62056
175,2021-03-10,Miércoles,1140563.74,64635
176,2021-03-11,Jueves,1211553.8,68222
177,2021-03-12,Viernes,1287181.91,71716
178,2021-03-13,Sábado,1047065.43,60870
179,2021-03-14,Domingo,789407.9400000001,43964
180,2021-03-15,Lunes,1076518.45,61407
181,2021-03-16,Martes,1144362.84,65479
182,2021-03-17,Miércoles,1234252.92,71510
183,2021-03-18,Jueves,1657824.99,71539
184,2021-03-19,Viernes,1308985.16,74427
185,2021-03-20,Sábado,1075803.3,61538
186,2021-03-21,Domingo,841764.59,45124
187,2021-03-22,Lunes,1088150.27,59959
188,2021-03-23,Martes,1125300.03,63548
189,2021-03-24,Miércoles,1201636.15,68659
190,2021-03-25,Jueves,1250456.96,69841
191,2021-03-26,Viernes,1342048.12,73535
192,2021-03-27,Sábado,1207385.11,67392
193,2021-03-28,Domingo,749072.11,40404
194,2021-03-29,Lunes,1048538.34,58127
195,2021-03-30,Martes,1208608.13,66702
196,2021-03-31,Miércoles,1211506.33,67533
197,2021-04-01,Jueves,94.98,5
198,2021-04-14,Miércoles,36.88,3
199,2021-05-05,Miércoles,45.77,4
200,2021-05-27,Jueves,53.92,3
201,2021-03-31,Miércoles,186.39,9
202,2021-04-01,Jueves,1304525.92,72429
203,2021-04-02,Viernes,1293156.98,72350
204,2021-04-03,Sábado,1090643.9,61847
205,2021-04-04,Domingo,885045.71,46310
206,2021-04-05,Lunes,1179667.77,62955
207,2021-04-06,Martes,1303333.79,70472
208,2021-04-07,Miércoles,1365819.7,74661
209,2021-04-08,Jueves,1438518.18,77611
210,2021-04-09,Viernes,1456681.51,78827
211,2021-04-10,Sábado,1624349.41,68688
212,2021-04-11,Domingo,884875.64,47584
213,2021-04-12,Lunes,1298891.57,70272
214,2021-04-13,Martes,1368016.46,74244
215,2021-04-14,Miércoles,1405256.59,77296
216,2021-04-15,Jueves,1469649.56,80429
217,2021-04-16,Viernes,1538139.49,82456
218,2021-04-17,Sábado,1324335.33,74101
219,2021-04-18,Domingo,1024284.26,54143
220,2021-04-19,Lunes,1249100.54,67688
221,2021-04-20,Martes,1456073.97,78724
222,2021-04-21,Miércoles,1425706.95,79367
223,2021-04-22,Jueves,1524703.43,84344
224,2021-04-23,Viernes,1568975.59,84623
225,2021-04-24,Sábado,1427453.99,78858
226,2021-04-25,Domingo,938965.27,49330
227,2021-04-26,Lunes,1315839.05,70215
228,2021-04-27,Martes,1395764.78,76481
229,2021-04-28,Miércoles,1535227.42,83551
230,2021-04-29,Jueves,1536371.16,82210
231,2021-04-30,Viernes,1667249.39,89079
232,2021-05-01,Sábado,624.02,23
233,2021-05-16,Domingo,12.96,1
234,2021-06-06,Domingo,17.3,1
235,2021-06-27,Domingo,34.19,2
236,2021-07-19,Lunes,31.02,1
237,2021-04-30,Viernes,1092.91,62
238,2021-05-01,Sábado,1455056.54,80694
239,2021-05-02,Domingo,1176622.88,60957
240,2021-05-03,Lunes,1402760.11,75261
241,2021-05-04,Martes,1473721.32,80894
242,2021-05-05,Miércoles,1582469.51,87025
243,2021-05-06,Jueves,1668361.76,88472
244,2021-05-07,Viernes,1747447.96,92383
245,2021-05-08,Sábado,1429612.37,80021
246,2021-05-09,Domingo,1240118.4,64461
247,2021-05-10,Lunes,1406621.06,74390
248,2021-05-11,Martes,1550769.21,83498
249,2021-05-12,Miércoles,1616615.99,86867
250,2021-05-13,Jueves,1572364.23,82527
251,2021-05-14,Viernes,1779029.54,92518
252,2021-05-15,Sábado,1648356.48,88865
253,2021-05-16,Domingo,1308619.63,66386
254,2021-05-17,Lunes,1385079.24,74097
255,2021-05-18,Martes,1566019.0,84772
256,2021-05-19,Miércoles,1708172.06,90733
257,2021-05-20,Jueves,1792138.92,92693
258,2021-05-21,Viernes,1826015.88,94927
259,2021-05-22,Sábado,1717366.31,93359
260,2021-05-23,Domingo,1392624.76,71494
261,2021-05-24,Lunes,1547284.37,81403
262,2021-05-25,Martes,1669051.14,88685
263,2021-05-26,Miércoles,1782351.93,93364
264,2021-05-27,Jueves,1805668.71,92463
265,2021-05-28,Viernes,1712590.42,87929
266,2021-05-29,Sábado,1180924.13,64946
267,2021-05-30,Domingo,1035100.74,54240
268,2021-05-31,Lunes,1175067.39,56691
269,2021-06-01,Martes,642.8,18
270,2021-06-16,Miércoles,75.69,4
271,2021-07-08,Jueves,39.12,1
272,2021-07-29,Jueves,20.56,2
273,2021-05-31,Lunes,857.46,29
274,2021-06-01,Martes,1670767.31,86003
275,2021-06-02,Miércoles,1767531.17,92571
276,2021-06-03,Jueves,1831931.17,96504
277,2021-06-04,Viernes,1853848.47,95589
278,2021-06-05,Sábado,1820462.63,97983
279,2021-06-06,Domingo,1535681.45,77633
280,2021-06-07,Lunes,1697131.49,88869
281,2021-06-08,Martes,1788447.11,94675
282,2021-06-09,Miércoles,1873744.38,99484
283,2021-06-10,Jueves,2016621.3,103981
284,2021-06-11,Viernes,1918452.92,98321
285,2021-06-12,Sábado,1779587.28,93963
286,2021-06-13,Domingo,1496916.75,73784
287,2021-06-14,Lunes,1695242.25,86939
288,2021-06-15,Martes,1890917.35,98038
289,2021-06-16,Miércoles,1958225.89,102171
290,2021-06-17,Jueves,2078112.88,102964
291,2021-06-18,Viernes,2008706.48,98994
292,2021-06-19,Sábado,1810697.71,96406
293,2021-06-20,Domingo,1558053.81,77945
294,2021-06-21,Lunes,1758869.85,90870
295,2021-06-22,Martes,1907247.93,99019
296,2021-06-23,Miércoles,2004342.36,102895
297,2021-06-24,Jueves,2083056.67,104639
298,2021-06-25,Viernes,2068041.98,103294
299,2021-06-26,Sábado,1911303.39,98690
300,2021-06-27,Domingo,1607311.16,77377
301,2021-06-28,Lunes,1779390.67,91543
302,2021-06-29,Martes,1908102.64,101112
303,2021-06-30,Miércoles,1938722.66,101885
304,2021-07-01,Jueves,786.75,28
305,2021-07-02,Viernes,71.28,3
306,2021-07-03,Sábado,40.68,2
307,2021-07-04,Domingo,78.88,1
308,2021-07-06,Martes,63.1,1
309,2021-07-08,Jueves,39.12,2
310,2021-07-19,Lunes,63.13,4
311,2021-08-09,Lunes,48.86,3
312,2021-08-31,Martes,33.78,2
313,2021-09-21,Martes,34.900000000000006,3
314,2021-10-12,Martes,53.6,3
315,2021-11-03,Miércoles,28.6,2
316,2021-11-24,Miércoles,41.22,3
317,2021-12-15,Miércoles,120.41,5
318,2021-06-30,Miércoles,801.59,38
319,2021-07-01,Jueves,1871279.58,93820
320,2021-07-02,Viernes,1722631.15,87543
321,2021-07-03,Sábado,1346003.48,71120
322,2021-07-04,Domingo,1240506.92,60543
323,2021-07-05,Lunes,1369832.16,64728
324,2021-07-06,Martes,1708442.53,89456
325,2021-07-07,Miércoles,1883142.81,97200
326,2021-07-08,Jueves,1873699.2,94578
327,2021-07-09,Viernes,1862509.76,93585
328,2021-07-10,Sábado,1821587.29,93833
329,2021-07-11,Domingo,1569024.32,75946
330,2021-07-12,Lunes,1687675.52,84894
331,2021-07-13,Martes,1870793.82,96611
332,2021-07-14,Miércoles,2019836.06,104614
333,2021-07-15,Jueves,2133764.85,105982
334,2021-07-16,Viernes,2058224.51,102904
335,2021-07-17,Sábado,1833683.75,95224
336,2021-07-18,Domingo,1634486.13,77369
337,2021-07-19,Lunes,1782617.75,88955
338,2021-07-20,Martes,1806142.33,92406
339,2021-07-21,Miércoles,1930294.31,98231
340,2021-07-22,Jueves,2085711.68,103919
341,2021-07-23,Viernes,2018582.09,99030
342,2021-07-24,Sábado,1853167.72,93242
343,2021-07-25,Domingo,1573105.17,75565
344,2021-07-26,Lunes,1793389.4,89119
345,2021-07-27,Martes,1908481.62,99331
346,2021-07-28,Miércoles,1945570.31,99681
347,2021-07-29,Jueves,1987641.88,99734
348,2021-07-30,Viernes,2035409.91,99152
349,2021-07-31,Sábado,1858805.16,93301
350,2021-08-01,Domingo,799.42,30
351,2021-08-02,Lunes,15.96,1
352,2021-07-14,Miércoles,471.17,25
353,2021-07-15,Jueves,475.12,26
354,2021-07-16,Viernes,414.23,20
355,2021-07-17,Sábado,343.96000000000004,18
356,2021-07-18,Domingo,436.44,15
357,2021-07-19,Lunes,450.77,20
358,2021-07-20,Martes,565.66,27
359,2021-07-21,Miércoles,573.15,40
360,2021-07-22,Jueves,438.78,21
361,2021-07-23,Viernes,452.07,19
362,2021-07-24,Sábado,534.54,24
363,2021-07-25,Domingo,345.98,15
364,2021-07-26,Lunes,410.45,13
365,2021-07-27,Martes,504.42,29
366,2021-07-28,Miércoles,361.7,21
367,2021-07-29,Jueves,475.41,26
368,2021-07-30,Viernes,398.11,10
369,2021-07-31,Sábado,1886.71,83
370,2021-08-01,Domingo,1547121.66,73056
371,2021-08-02,Lunes,1703776.71,83304
372,2021-08-03,Martes,1853173.72,93910
373,2021-08-04,Miércoles,1924065.92,97778
374,2021-08-05,Jueves,1977930.09,99331
375,2021-08-06,Viernes,1989366.83,97852
376,2021-08-07,Sábado,1792877.46,90630
377,2021-08-08,Domingo,1569332.26,74449
378,2021-08-09,Lunes,1695517.72,83046
379,2021-08-10,Martes,1869966.24,96402
380,2021-08-11,Miércoles,1940677.16,100816
381,2021-08-12,Jueves,2011078.46,99203
382,2021-08-13,Viernes,2012551.46,99126
383,2021-08-14,Sábado,1808708.63,91550
384,2021-08-15,Domingo,1632924.57,76813
385,2021-08-16,Lunes,1683859.11,82197
386,2021-08-17,Martes,1786612.44,91749
387,2021-08-18,Miércoles,1875778.29,95926
388,2021-08-19,Jueves,2010310.03,99488
389,2021-08-20,Viernes,2030783.6,99268
390,2021-08-21,Sábado,1958005.95,98613
391,2021-08-22,Domingo,1183887.59,53247
392,2021-08-23,Lunes,1675706.78,80802
393,2021-08-24,Martes,1853347.05,93733
394,2021-08-25,Miércoles,1934774.8,98428
395,2021-08-26,Jueves,2019084.99,101124
396,2021-08-27,Viernes,1969704.62,96582
397,2021-08-28,Sábado,1773988.78,89008
398,2021-08-29,Domingo,1641732.74,73010
399,2021-08-30,Lunes,1724089.64,84107
400,2021-08-31,Martes,1868662.72,93683
401,2021-09-01,Miércoles,542.76,25
402,2021-08-31,Martes,800.07,33
403,2021-09-01,Miércoles,1754615.57,88160
404,2021-09-02,Jueves,2158421.17,93100
405,2021-09-03,Viernes,2079554.91,95630
406,2021-09-04,Sábado,1788107.87,88527
407,2021-09-05,Domingo,2385447.06,74209
408,2021-09-06,Lunes,1570733.21,71712
409,2021-09-07,Martes,1825293.94,88673
410,2021-09-08,Miércoles,2039343.15,102042
411,2021-09-09,Jueves,2261560.11,105817
412,2021-09-10,Viernes,2331543.79,109813
413,2021-09-11,Sábado,2098592.13,107560
414,2021-09-12,Domingo,1884987.2,87232
415,2021-09-13,Lunes,2041352.94,95735
416,2021-09-14,Martes,2051216.87,102209
417,2021-09-15,Miércoles,2113867.8,106884
418,2021-09-16,Jueves,1999689.5,102456
419,2021-09-17,Viernes,2297415.93,110693
420,2021-09-18,Sábado,2165993.17,111362
421,2021-09-19,Domingo,1871030.93,88272
422,2021-09-20,Lunes,1961822.21,92218
423,2021-09-21,Martes,2010657.13,99868
424,2021-09-22,Miércoles,2107828.01,105877
425,2021-09-23,Jueves,2169965.99,104169
426,2021-09-24,Viernes,2380637.97,109419
427,2021-09-25,Sábado,2224799.63,112977
428,2021-09-26,Domingo,1925670.29,91222
429,2021-09-27,Lunes,1921986.39,93752
430,2021-09-28,Martes,1949754.19,100970
431,2021-09-29,Miércoles,2123662.28,108179
432,2021-09-30,Jueves,2355760.94,114951
433,2021-10-01,Viernes,837.5,42
434,2021-01-01,Viernes,467086.16,24827
435,2021-01-02,Sábado,650303.53,34309
436,2021-01-03,Domingo,538830.02,26345
437,2021-01-04,Lunes,825588.0700000001,44545
438,2021-01-05,Martes,830567.6,46880
439,2021-01-06,Miércoles,859778.3200000001,49547
440,2021-01-07,Jueves,886008.23,50290
441,2021-01-08,Viernes,871206.52,50477
442,2021-01-09,Sábado,695909.55,39911
443,2021-01-10,Domingo,556351.0,29855
444,2021-01-11,Lunes,816635.16,46849
445,2021-01-12,Martes,868226.91,50133
446,2021-01-13,Miércoles,873117.08,51306
447,2021-01-14,Jueves,925183.82,53051
448,2021-01-15,Viernes,924665.2,53024
449,2021-01-16,Sábado,668848.28,38723
450,2021-01-17,Domingo,576767.92,31985
451,2021-01-18,Lunes,653267.58,37092
452,2021-01-19,Martes,889278.46,51149
453,2021-01-20,Miércoles,836173.93,49437
454,2021-01-21,Jueves,929307.27,53280
455,2021-01-22,Viernes,933129.18,54285
456,2021-01-23,Sábado,698308.62,42054
457,2021-01-24,Domingo,554128.97,31033
458,2021-01-25,Lunes,821057.0700000001,47423
459,2021-01-26,Martes,805651.51,47818
460,2021-01-27,Miércoles,894418.64,52655
461,2021-01-28,Jueves,959114.49,56444
462,2021-01-29,Viernes,929731.06,54602
463,2021-01-30,Sábado,657641.24,39233
464,2021-01-31,Domingo,539195.22,31183
465,2021-02-01,Lunes,32.94,3
466,2021-02-22,Lunes,10.56,1
467,2021-09-30,Jueves,1201.07,62
468,2021-10-01,Viernes,2420482.84,117062
469,2021-10-02,Sábado,2237654.45,115086
470,2021-10-03,Domingo,1966996.77,91230
471,2021-10-04,Lunes,2001830.23,96858
472,2021-10-05,Martes,2090068.67,106648
473,2021-10-06,Miércoles,2258767.51,113020
474,2021-10-07,Jueves,2453635.76,118556
475,2021-10-08,Viernes,2491611.29,120242
476,2021-10-09,Sábado,2266199.09,116817
477,2021-10-10,Domingo,1935289.47,93850
478,2021-10-11,Lunes,1822223.26,86890
479,2021-10-12,Martes,2170632.56,108054
480,2021-10-13,Miércoles,2254944.36,112723
481,2021-10-14,Jueves,2493891.04,121767
482,2021-10-15,Viernes,2572622.19,124091
483,2021-10-16,Sábado,2335521.01,121955
484,2021-10-17,Domingo,2118439.79,100790
485,2021-10-18,Lunes,2133219.08,103856
486,2021-10-19,Martes,2197696.31,110716
487,2021-10-20,Miércoles,2372404.49,119077
488,2021-10-21,Jueves,2528948.33,122809
489,2021-10-22,Viernes,2530945.62,122858
490,2021-10-23,Sábado,2333060.25,119757
491,2021-10-24,Domingo,2077260.1,98929
492,2021-10-25,Lunes,2065891.59,99949
493,2021-10-26,Martes,2016505.19,101866
494,2021-10-27,Miércoles,2426612.47,119847
495,2021-10-28,Jueves,2587095.84,125607
496,2021-10-29,Viernes,2648874.43,130631
497,2021-10-30,Sábado,2308751.08,119589
498,2021-10-31,Domingo,2110420.7,102263
499,2021-11-01,Lunes,411.53,14
500,2021-11-16,Martes,30.6,2
501,2021-12-08,Miércoles,27.88,1
502,2021-10-31,Domingo,1011.85,47
503,2021-11-01,Lunes,2220274.32,106486
504,2021-11-02,Martes,2213131.68,115847
505,2021-11-03,Miércoles,2417255.02,121837
506,2021-11-04,Jueves,2608809.32,127917
507,2021-11-05,Viernes,2685987.21,129921
508,2021-11-06,Sábado,2522553.71,131460
509,2021-11-07,Domingo,2205981.45,100647
510,2021-11-08,Lunes,2273000.85,106822
511,2021-11-09,Martes,2419704.98,118745
512,2021-11-10,Miércoles,2630522.71,126617
513,2021-11-11,Jueves,2612379.53,123715
514,2021-11-12,Viernes,2626567.08,128010
515,2021-11-13,Sábado,2608377.29,132310
516,2021-11-14,Domingo,2365904.54,109696
517,2021-11-15,Lunes,2423519.64,114815
518,2021-11-16,Martes,2512578.1,122700
519,2021-11-17,Miércoles,2610318.96,126605
520,2021-11-18,Jueves,2792572.67,133377
521,2021-11-19,Viernes,2837751.47,135462
522,2021-11-20,Sábado,2636559.03,131453
523,2021-11-21,Domingo,2233377.22,105078
524,2021-11-22,Lunes,2314106.43,112469
525,2021-11-23,Martes,2538900.12,120235
526,2021-11-24,Miércoles,2264835.11,108408
527,2021-11-25,Jueves,1439736.15,70312
528,2021-11-26,Viernes,1779629.36,89887
529,2021-11-27,Sábado,2137334.24,104505
530,2021-11-28,Domingo,2052436.67,90990
531,2021-11-29,Lunes,2303880.47,107130
532,2021-11-30,Martes,2510560.48,119366
533,2021-12-01,Miércoles,621.52,21
534,2021-12-18,Sábado,34.68,3
535,2021-12-19,Domingo,76.39999999999999,2
536,2021-12-21,Martes,35.54,2
537,2021-11-30,Martes,1253.94,54
538,2021-12-01,Miércoles,2554847.58,121986
539,2021-12-02,Jueves,2739790.48,128647
540,2021-12-03,Viernes,2836437.05,136231
541,2021-12-04,Sábado,2658478.89,132392
542,2021-12-05,Domingo,2412987.89,109654
543,2021-12-06,Lunes,2395795.75,112665
544,2021-12-07,Martes,2597753.01,126649
545,2021-12-08,Miércoles,2749350.63,131662
546,2021-12-09,Jueves,2887334.96,134724
547,2021-12-10,Viernes,2879393.97,133497
548,2021-12-11,Sábado,2647709.58,130247
549,2021-12-12,Domingo,2384260.35,107167
550,2021-12-13,Lunes,2353021.46,111299
551,2021-12-14,Martes,2467388.86,120218
552,2021-12-15,Miércoles,2583136.34,125048
553,2021-12-16,Jueves,2669893.21,126270
554,2021-12-17,Viernes,2635029.68,124147
555,2021-12-18,Sábado,2186735.18,110279
556,2021-12-19,Domingo,1933518.33,91200
557,2021-12-20,Lunes,1944462.22,94213
558,2021-12-21,Martes,1882461.47,93093
559,2021-12-22,Miércoles,1853695.52,91699
560,2021-12-23,Jueves,1770434.14,87850
561,2021-12-24,Viernes,1327291.09,69619
562,2021-12-25,Sábado,876040.07,40807
563,2021-12-26,Domingo,1221675.22,54705
564,2021-12-27,Lunes,1482914.24,69897
565,2021-12-28,Martes,1578312.42,75037
566,2021-12-29,Miércoles,1570342.82,74989
567,2021-12-30,Jueves,1638215.07,77968
568,2021-12-31,Viernes,1414858.99,70402
569,2021-01-31,Domingo,170.86,8
570,2021-02-01,Lunes,130119.42,6803
571,2021-02-02,Martes,502990.39,29178
572,2021-02-03,Miércoles,1001227.8,55440
573,2021-02-04,Jueves,1117201.95,59326
574,2021-02-05,Viernes,1041396.58,57770
575,2021-02-06,Sábado,849422.04,49987
576,2021-02-07,Domingo,486237.38,27488
577,2021-02-08,Lunes,916848.29,51729
578,2021-02-09,Martes,923042.66,52733
579,2021-02-10,Miércoles,1036861.0,57855
580,2021-02-11,Jueves,1029083.96,58625
581,2021-02-12,Viernes,1131851.31,63611
582,2021-02-13,Sábado,814403.24,48355
583,2021-02-14,Domingo,692746.24,39672
584,2021-02-15,Lunes,698125.06,40322
585,2021-02-16,Martes,913410.53,51211
586,2021-02-17,Miércoles,1060142.15,60166
587,2021-02-18,Jueves,652159.18,38121
588,2021-02-19,Viernes,899473.03,53029
589,2021-02-20,Sábado,864311.01,51340
590,2021-02-21,Domingo,661534.11,37119
591,2021-02-22,Lunes,891851.65,50699
592,2021-02-23,Martes,1002568.4,57160
593,2021-02-24,Miércoles,1060569.91,59969
594,2021-02-25,Jueves,1111262.44,61984
595,2021-02-26,Viernes,1154726.34,65394
596,2021-02-27,Sábado,833289.6,48980
597,2021-02-28,Domingo,675307.4400000001,37612
598,2021-03-01,Lunes,17.89,2
599,2021-02-28,Domingo,107.6,7
600,2021-03-01,Lunes,970698.61,54836
601,2021-03-02,Martes,1066016.89,61843
602,2021-03-03,Miércoles,1105674.17,63297
603,2021-03-04,Jueves,1162846.79,67141
604,2021-03-05,Viernes,1223708.14,69582
605,2021-03-06,Sábado,928215.11,55004
606,2021-03-07,Domingo,707911.45,38947
607,2021-03-08,Lunes,999191.1,56282
608,2021-03-09,Martes,1084855.97,62056
609,2021-03-10,Miércoles,1140563.74,64635
610,2021-03-11,Jueves,1211553.8,68222
611,2021-03-12,Viernes,1287181.91,71716
612,2021-03-13,Sábado,1047065.43,60870
613,2021-03-14,Domingo,789407.9400000001,43964
614,2021-03-15,Lunes,1076518.45,61407
615,2021-03-16,Martes,1144362.84,65479
616,2021-03-17,Miércoles,1234252.92,71510
617,2021-03-18,Jueves,1657824.99,71539
618,2021-03-19,Viernes,1308985.16,74427
619,2021-03-20,Sábado,1075803.3,61538
620,2021-03-21,Domingo,841764.59,45124
621,2021-03-22,Lunes,1088150.27,59959
622,2021-03-23,Martes,1125300.03,63548
623,2021-03-24,Miércoles,1201636.15,68659
624,2021-03-25,Jueves,1250456.96,69841
625,2021-03-26,Viernes,1342048.12,73535
626,2021-03-27,Sábado,1207385.11,67392
627,2021-03-28,Domingo,749072.11,40404
628,2021-03-29,Lunes,1048538.34,58127
629,2021-03-30,Martes,1208608.13,66702
630,2021-03-31,Miércoles,1211506.33,67533
631,2021-04-01,Jueves,94.98,5
632,2021-04-14,Miércoles,36.88,3
633,2021-05-05,Miércoles,45.77,4
634,2021-05-27,Jueves,53.92,3
635,2021-03-31,Miércoles,186.39,9
636,2021-04-01,Jueves,1304525.92,72429
637,2021-04-02,Viernes,1293156.98,72350
638,2021-04-03,Sábado,1090643.9,61847
639,2021-04-04,Domingo,885045.71,46310
640,2021-04-05,Lunes,1179667.77,62955
641,2021-04-06,Martes,1303333.79,70472
642,2021-04-07,Miércoles,1365819.7,74661
643,2021-04-08,Jueves,1438518.18,77611
644,2021-04-09,Viernes,1456681.51,78827
645,2021-04-10,Sábado,1624349.41,68688
646,2021-04-11,Domingo,884875.64,47584
647,2021-04-12,Lunes,1298891.57,70272
648,2021-04-13,Martes,1368016.46,74244
649,2021-04-14,Miércoles,1405256.59,77296
650,2021-04-15,Jueves,1469649.56,80429
651,2021-04-16,Viernes,1538139.49,82456
652,2021-04-17,Sábado,1324335.33,74101
653,2021-04-18,Domingo,1024284.26,54143
654,2021-04-19,Lunes,1249100.54,67688
655,2021-04-20,Martes,1456073.97,78724
656,2021-04-21,Miércoles,1425706.95,79367
657,2021-04-22,Jueves,1524703.43,84344
658,2021-04-23,Viernes,1568975.59,84623
659,2021-04-24,Sábado,1427453.99,78858
660,2021-04-25,Domingo,938965.27,49330
661,2021-04-26,Lunes,1315839.05,70215
662,2021-04-27,Martes,1395764.78,76481
663,2021-04-28,Miércoles,1535227.42,83551
664,2021-04-29,Jueves,1536371.16,82210
665,2021-04-30,Viernes,1667249.39,89079
666,2021-05-01,Sábado,624.02,23
667,2021-05-16,Domingo,12.96,1
668,2021-06-06,Domingo,17.3,1
669,2021-06-27,Domingo,34.19,2
670,2021-07-19,Lunes,31.02,1
671,2021-04-30,Viernes,1092.91,62
672,2021-05-01,Sábado,1455056.54,80694
673,2021-05-02,Domingo,1176622.88,60957
674,2021-05-03,Lunes,1402760.11,75261
675,2021-05-04,Martes,1473721.32,80894
676,2021-05-05,Miércoles,1582469.51,87025
677,2021-05-06,Jueves,1668361.76,88472
678,2021-05-07,Viernes,1747447.96,92383
679,2021-05-08,Sábado,1429612.37,80021
680,2021-05-09,Domingo,1240118.4,64461
681,2021-05-10,Lunes,1406621.06,74390
682,2021-05-11,Martes,1550769.21,83498
683,2021-05-12,Miércoles,1616615.99,86867
684,2021-05-13,Jueves,1572364.23,82527
685,2021-05-14,Viernes,1779029.54,92518
686,2021-05-15,Sábado,1648356.48,88865
687,2021-05-16,Domingo,1308619.63,66386
688,2021-05-17,Lunes,1385079.24,74097
689,2021-05-18,Martes,1566019.0,84772
690,2021-05-19,Miércoles,1708172.06,90733
691,2021-05-20,Jueves,1792138.92,92693
692,2021-05-21,Viernes,1826015.88,94927
693,2021-05-22,Sábado,1717366.31,93359
694,2021-05-23,Domingo,1392624.76,71494
695,2021-05-24,Lunes,1547284.37,81403
696,2021-05-25,Martes,1669051.14,88685
697,2021-05-26,Miércoles,1782351.93,93364
698,2021-05-27,Jueves,1805668.71,92463
699,2021-05-28,Viernes,1712590.42,87929
700,2021-05-29,Sábado,1180924.13,64946
701,2021-05-30,Domingo,1035100.74,54240
702,2021-05-31,Lunes,1175067.39,56691
703,2021-06-01,Martes,642.8,18
704,2021-06-16,Miércoles,75.69,4
705,2021-07-08,Jueves,39.12,1
706,2021-07-29,Jueves,20.56,2
707,2021-05-31,Lunes,857.46,29
708,2021-06-01,Martes,1670767.31,86003
709,2021-06-02,Miércoles,1767531.17,92571
710,2021-06-03,Jueves,1831931.17,96504
711,2021-06-04,Viernes,1853848.47,95589
712,2021-06-05,Sábado,1820462.63,97983
713,2021-06-06,Domingo,1535681.45,77633
714,2021-06-07,Lunes,1697131.49,88869
715,2021-06-08,Martes,1788447.11,94675
716,2021-06-09,Miércoles,1873744.38,99484
717,2021-06-10,Jueves,2016621.3,103981
718,2021-06-11,Viernes,1918452.92,98321
719,2021-06-12,Sábado,1779587.28,93963
720,2021-06-13,Domingo,1496916.75,73784
721,2021-06-14,Lunes,1695242.25,86939
722,2021-06-15,Martes,1890917.35,98038
723,2021-06-16,Miércoles,1958225.89,102171
724,2021-06-17,Jueves,2078112.88,102964
725,2021-06-18,Viernes,2008706.48,98994
726,2021-06-19,Sábado,1810697.71,96406
727,2021-06-20,Domingo,1558053.81,77945
728,2021-06-21,Lunes,1758869.85,90870
729,2021-06-22,Martes,1907247.93,99019
730,2021-06-23,Miércoles,2004342.36,102895
731,2021-06-24,Jueves,2083056.67,104639
732,2021-06-25,Viernes,2068041.98,103294
733,2021-06-26,Sábado,1911303.39,98690
734,2021-06-27,Domingo,1607311.16,77377
735,2021-06-28,Lunes,1779390.67,91543
736,2021-06-29,Martes,1908102.64,101112
737,2021-06-30,Miércoles,1938722.66,101885
738,2021-07-01,Jueves,786.75,28
739,2021-07-02,Viernes,71.28,3
740,2021-07-03,Sábado,40.68,2
741,2021-07-04,Domingo,78.88,1
742,2021-07-06,Martes,63.1,1
743,2021-07-08,Jueves,39.12,2
744,2021-07-19,Lunes,63.13,4
745,2021-08-09,Lunes,48.86,3
746,2021-08-31,Martes,33.78,2
747,2021-09-21,Martes,34.900000000000006,3
748,2021-10-12,Martes,53.6,3
749,2021-11-03,Miércoles,28.6,2
750,2021-11-24,Miércoles,41.22,3
751,2021-12-15,Miércoles,120.41,5
752,2021-06-30,Miércoles,801.59,38
753,2021-07-01,Jueves,1871279.58,93820
754,2021-07-02,Viernes,1722631.15,87543
755,2021-07-03,Sábado,1346003.48,71120
756,2021-07-04,Domingo,1240506.92,60543
757,2021-07-05,Lunes,1369832.16,64728
758,2021-07-06,Martes,1708442.53,89456
759,2021-07-07,Miércoles,1883142.81,97200
760,2021-07-08,Jueves,1873699.2,94578
761,2021-07-09,Viernes,1862509.76,93585
762,2021-07-10,Sábado,1821587.29,93833
763,2021-07-11,Domingo,1569024.32,75946
764,2021-07-12,Lunes,1687675.52,84894
765,2021-07-13,Martes,1870793.82,96611
766,2021-07-14,Miércoles,2019836.06,104614
767,2021-07-15,Jueves,2133764.85,105982
768,2021-07-16,Viernes,2058224.51,102904
769,2021-07-17,Sábado,1833683.75,95224
770,2021-07-18,Domingo,1634486.13,77369
771,2021-07-19,Lunes,1782617.75,88955
772,2021-07-20,Martes,1806142.33,92406
773,2021-07-21,Miércoles,1930294.31,98231
774,2021-07-22,Jueves,2085711.68,103919
775,2021-07-23,Viernes,2018582.09,99030
776,2021-07-24,Sábado,1853167.72,93242
777,2021-07-25,Domingo,1573105.17,75565
778,2021-07-26,Lunes,1793389.4,89119
779,2021-07-27,Martes,1908481.62,99331
780,2021-07-28,Miércoles,1945570.31,99681
781,2021-07-29,Jueves,1987641.88,99734
782,2021-07-30,Viernes,2035409.91,99152
783,2021-07-31,Sábado,1858805.16,93301
784,2021-08-01,Domingo,799.42,30
785,2021-08-02,Lunes,15.96,1
786,2021-07-14,Miércoles,471.17,25
787,2021-07-15,Jueves,475.12,26
788,2021-07-16,Viernes,414.23,20
789,2021-07-17,Sábado,343.96000000000004,18
790,2021-07-18,Domingo,436.44,15
791,2021-07-19,Lunes,450.77,20
792,2021-07-20,Martes,565.66,27
793,2021-07-21,Miércoles,573.15,40
794,2021-07-22,Jueves,438.78,21
795,2021-07-23,Viernes,452.07,19
796,2021-07-24,Sábado,534.54,24
797,2021-07-25,Domingo,345.98,15
798,2021-07-26,Lunes,410.45,13
799,2021-07-27,Martes,504.42,29
800,2021-07-28,Miércoles,361.7,21
801,2021-07-29,Jueves,475.41,26
802,2021-07-30,Viernes,398.11,10
803,2021-07-31,Sábado,1886.71,83
804,2021-08-01,Domingo,1547121.66,73056
805,2021-08-02,Lunes,1703776.71,83304
806,2021-08-03,Martes,1853173.72,93910
807,2021-08-04,Miércoles,1924065.92,97778
808,2021-08-05,Jueves,1977930.09,99331
809,2021-08-06,Viernes,1989366.83,97852
810,2021-08-07,Sábado,1792877.46,90630
811,2021-08-08,Domingo,1569332.26,74449
812,2021-08-09,Lunes,1695517.72,83046
813,2021-08-10,Martes,1869966.24,96402
814,2021-08-11,Miércoles,1940677.16,100816
815,2021-08-12,Jueves,2011078.46,99203
816,2021-08-13,Viernes,2012551.46,99126
817,2021-08-14,Sábado,1808708.63,91550
818,2021-08-15,Domingo,1632924.57,76813
819,2021-08-16,Lunes,1683859.11,82197
820,2021-08-17,Martes,1786612.44,91749
821,2021-08-18,Miércoles,1875778.29,95926
822,2021-08-19,Jueves,2010310.03,99488
823,2021-08-20,Viernes,2030783.6,99268
824,2021-08-21,Sábado,1958005.95,98613
825,2021-08-22,Domingo,1183887.59,53247
826,2021-08-23,Lunes,1675706.78,80802
827,2021-08-24,Martes,1853347.05,93733
828,2021-08-25,Miércoles,1934774.8,98428
829,2021-08-26,Jueves,2019084.99,101124
830,2021-08-27,Viernes,1969704.62,96582
831,2021-08-28,Sábado,1773988.78,89008
832,2021-08-29,Domingo,1641732.74,73010
833,2021-08-30,Lunes,1724089.64,84107
834,2021-08-31,Martes,1868662.72,93683
835,2021-09-01,Miércoles,542.76,25
836,2021-08-31,Martes,800.07,33
837,2021-09-01,Miércoles,1754615.57,88160
838,2021-09-02,Jueves,2158421.17,93100
839,2021-09-03,Viernes,2079554.91,95630
840,2021-09-04,Sábado,1788107.87,88527
841,2021-09-05,Domingo,2385447.06,74209
842,2021-09-06,Lunes,1570733.21,71712
843,2021-09-07,Martes,1825293.94,88673
844,2021-09-08,Miércoles,2039343.15,102042
845,2021-09-09,Jueves,2261560.11,105817
846,2021-09-10,Viernes,2331543.79,109813
847,2021-09-11,Sábado,2098592.13,107560
848,2021-09-12,Domingo,1884987.2,87232
849,2021-09-13,Lunes,2041352.94,95735
850,2021-09-14,Martes,2051216.87,102209
851,2021-09-15,Miércoles,2113867.8,106884
852,2021-09-16,Jueves,1999689.5,102456
853,2021-09-17,Viernes,2297415.93,110693
854,2021-09-18,Sábado,2165993.17,111362
855,2021-09-19,Domingo,1871030.93,88272
856,2021-09-20,Lunes,1961822.21,92218
857,2021-09-21,Martes,2010657.13,99868
858,2021-09-22,Miércoles,2107828.01,105877
859,2021-09-23,Jueves,2169965.99,104169
860,2021-09-24,Viernes,2380637.97,109419
861,2021-09-25,Sábado,2224799.63,112977
862,2021-09-26,Domingo,1925670.29,91222
863,2021-09-27,Lunes,1921986.39,93752
864,2021-09-28,Martes,1949754.19,100970
865,2021-09-29,Miércoles,2123662.28,108179
866,2021-09-30,Jueves,2355760.94,114951
867,2021-10-01,Viernes,837.5,42
868,2022-01-01,Sábado,1330638.29,63441
869,2022-01-02,Domingo,1329446.47,58421
870,2022-01-03,Lunes,1513871.22,72405
871,2022-01-04,Martes,1476121.01,74562
872,2022-01-05,Miércoles,1443025.39,74592
873,2022-01-06,Jueves,1489668.14,79909
874,2022-01-07,Viernes,1712217.66,71590
875,2022-01-08,Sábado,1538964.97,83177
876,2022-01-09,Domingo,1281540.9,64014
877,2022-01-10,Lunes,1387224.21,73692
878,2022-01-11,Martes,1395534.42,77603
879,2022-01-12,Miércoles,1463859.49,80352
880,2022-01-13,Jueves,1577437.97,84952
881,2022-01-14,Viernes,1773525.23,93817
882,2022-01-15,Sábado,1608275.65,88704
883,2022-01-16,Domingo,1381919.28,72783
884,2022-01-17,Lunes,1294964.35,63518
885,2022-01-18,Martes,1606688.6,84603
886,2022-01-19,Miércoles,1580338.68,86640
887,2022-01-20,Jueves,1655484.26,90778
888,2022-01-21,Viernes,1840712.53,101054
889,2022-01-22,Sábado,1721959.11,96587
890,2022-01-23,Domingo,1503166.83,76914
891,2022-01-24,Lunes,1472686.97,78541
892,2022-01-25,Martes,1587978.92,87349
893,2022-01-26,Miércoles,1745617.25,96747
894,2022-01-27,Jueves,1893591.91,99766
895,2022-01-28,Viernes,1871133.4,95873
896,2022-01-29,Sábado,596288.57,34388
897,2022-01-30,Domingo,1423532.52,71229
898,2022-01-31,Lunes,1733552.74,85878
899,2022-02-01,Martes,149.92,6
900,2022-02-22,Martes,14.76,1
901,2022-03-09,Miércoles,17.76,1
902,2022-03-15,Martes,40.620000000000005,3
903,2022-04-06,Miércoles,12.8,1
904,2022-05-18,Miércoles,24.76,2
905,2022-09-30,Viernes,1537.63,78
906,2022-10-01,Sábado,2443058.67,118049
907,2022-10-02,Domingo,2153460.0,95806
908,2022-10-03,Lunes,2357450.38,108671
909,2022-10-04,Martes,2337798.7,109671
910,2022-10-05,Miércoles,2389249.61,114764
911,2022-10-06,Jueves,2858637.75,123838
912,2022-10-07,Viernes,2861567.5,125029
913,2022-10-08,Sábado,2634054.38,122419
914,2022-10-09,Domingo,2347192.96,98213
915,2022-10-10,Lunes,2219863.13,94815
916,2022-10-11,Martes,2657266.33,119423
917,2022-10-12,Miércoles,2787058.44,124848
918,2022-10-13,Jueves,2905161.06,128716
919,2022-10-14,Viernes,2893454.57,127324
920,2022-10-15,Sábado,2736316.48,127002
921,2022-10-16,Domingo,2504736.62,108571
922,2022-10-17,Lunes,2517990.83,111867
923,2022-10-18,Martes,2750616.88,124694
924,2022-10-19,Miércoles,2897041.56,129781
925,2022-10-20,Jueves,2989746.91,132409
926,2022-10-21,Viernes,2949395.48,129437
927,2022-10-22,Sábado,2724284.62,128225
928,2022-10-23,Domingo,2440922.01,105866
929,2022-10-24,Lunes,2459864.96,111417
930,2022-10-25,Martes,2683187.07,123128
931,2022-10-26,Miércoles,2890943.32,128891
932,2022-10-27,Jueves,3035093.41,132412
933,2022-10-28,Viernes,2949718.5,132215
934,2022-10-29,Sábado,2728555.84,127966
935,2022-10-30,Domingo,2456072.74,108386
936,2022-10-31,Lunes,2207045.77,101467
937,2022-11-01,Martes,287.39,9
938,2022-10-31,Lunes,844.6899999999999,34
939,2022-11-01,Martes,2654261.55,120506
940,2022-11-02,Miércoles,2739747.41,126271
941,2022-11-03,Jueves,2934702.02,131484
942,2022-11-04,Viernes,2871258.64,130682
943,2022-11-05,Sábado,2728856.43,130401
944,2022-11-06,Domingo,2400124.18,104570
945,2022-11-07,Lunes,2548830.95,112135
946,2022-11-08,Martes,2540424.57,121121
947,2022-11-09,Miércoles,2814805.7,128700
948,2022-11-10,Jueves,2999507.48,132727
949,2022-11-11,Viernes,2655691.97,117728
950,2022-11-12,Sábado,2740374.18,130944
951,2022-11-13,Domingo,2626212.66,114269
952,2022-11-14,Lunes,1880651.27,82278
953,2022-11-15,Martes,2027394.81,90728
954,2022-11-16,Miércoles,2085448.38,92660
955,2022-11-17,Jueves,2185740.39,95344
956,2022-11-18,Viernes,2121567.58,95454
957,2022-11-19,Sábado,2018649.4,94932
958,2022-11-20,Domingo,1798234.42,81125
959,2022-11-21,Lunes,2334026.02,108526
960,2022-11-22,Martes,2506904.77,114546
961,2022-11-23,Miércoles,2273212.72,105640
962,2022-11-24,Jueves,1438893.42,69663
963,2022-11-25,Viernes,1791288.42,86607
964,2022-11-26,Sábado,2181766.51,99513
965,2022-11-27,Domingo,2128857.4,90529
966,2022-11-28,Lunes,2483880.14,106488
967,2022-11-29,Martes,2630170.1,119372
968,2022-11-30,Miércoles,2643609.57,117677
969,2022-12-01,Jueves,1185.16,57
970,2022-11-30,Miércoles,1006.91,41
971,2022-12-01,Jueves,3001128.02,130584
972,2022-12-02,Viernes,2872137.19,129951
973,2022-12-03,Sábado,2704089.73,129172
974,2022-12-04,Domingo,2596689.99,111619
975,2022-12-05,Lunes,2583766.22,113626
976,2022-12-06,Martes,2756391.95,120179
977,2022-12-07,Miércoles,2921494.99,125589
978,2022-12-08,Jueves,3164328.32,133862
979,2022-12-09,Viernes,3084772.75,135397
980,2022-12-10,Sábado,2782836.57,129278
981,2022-12-11,Domingo,2481945.47,107756
982,2022-12-12,Lunes,2519681.65,112374
983,2022-12-13,Martes,2741388.63,124239
984,2022-12-14,Miércoles,2873477.5,129324
985,2022-12-15,Jueves,2986784.49,131175
986,2022-12-16,Viernes,2896642.26,127755
987,2022-12-17,Sábado,2737619.14,125382
988,2022-12-18,Domingo,2393914.92,102878
989,2022-12-19,Lunes,3093795.53,112460
990,2022-12-20,Martes,3226118.35,116021
991,2022-12-21,Miércoles,3237295.06,113560
992,2022-12-22,Jueves,2921261.87,102850
993,2022-12-23,Viernes,2560326.72,95028
994,2022-12-24,Sábado,1889923.55,75519
995,2022-12-25,Domingo,1434350.49,50109
996,2022-12-26,Lunes,1996421.24,67459
997,2022-12-27,Martes,2580898.38,86290
998,2022-12-28,Miércoles,2633193.96,89065
999,2022-12-29,Jueves,2761350.25,93498
1000,2022-12-30,Viernes,2757787.48,92429
1001,2022-12-31,Sábado,2272815.42,85075
1002,2022-01-31,Lunes,589.23,21
1003,2022-02-01,Martes,1806357.47,92354
1004,2022-02-02,Miércoles,1835765.71,92576
1005,2022-02-03,Jueves,2009564.94,104562
1006,2022-02-04,Viernes,2008270.97,110309
1007,2022-02-05,Sábado,2110812.85,116980
1008,2022-02-06,Domingo,1737749.48,88141
1009,2022-02-07,Lunes,1752935.12,88867
1010,2022-02-08,Martes,1922509.5,102781
1011,2022-02-09,Miércoles,1986485.77,106089
1012,2022-02-10,Jueves,2181550.72,112804
1013,2022-02-11,Viernes,2329721.63,117752
1014,2022-02-12,Sábado,2264516.3,119684
1015,2022-02-13,Domingo,1813433.55,93022
1016,2022-02-14,Lunes,2122451.41,110542
1017,2022-02-15,Martes,2121971.06,110483
1018,2022-02-16,Miércoles,2105653.61,110268
1019,2022-02-17,Jueves,2215957.16,113142
1020,2022-02-18,Viernes,2377824.88,116275
1021,2022-02-19,Sábado,2158245.13,114374
1022,2022-02-20,Domingo,1904255.81,95331
1023,2022-02-21,Lunes,1826995.56,85869
1024,2022-02-22,Martes,2025341.93,101395
1025,2022-02-23,Miércoles,2216738.41,112205
1026,2022-02-24,Jueves,2372139.28,119890
1027,2022-02-25,Viernes,2308018.16,118228
1028,2022-02-26,Sábado,2370189.7,123056
1029,2022-02-27,Domingo,2100926.34,100167
1030,2022-02-28,Lunes,2104472.21,102221
1031,2022-03-01,Martes,373.17,12
1032,2022-03-12,Sábado,8.8,1
1033,2022-03-17,Jueves,10.56,1
1034,2022-03-18,Viernes,37.52,2
1035,2022-03-22,Martes,35.74,2
1036,2022-04-02,Sábado,44.52,3
1037,2022-04-09,Sábado,14.16,1
1038,2022-04-12,Martes,43.92,3
1039,2022-04-23,Sábado,38.64,3
1040,2022-05-03,Martes,35.480000000000004,3
1041,2022-05-15,Domingo,33.1,2
1042,2022-05-24,Martes,9.36,1
1043,2022-02-28,Lunes,909.23,45
1044,2022-03-01,Martes,2290088.84,113947
1045,2022-03-02,Miércoles,2389519.17,119863
1046,2022-03-03,Jueves,2585340.53,129290
1047,2022-03-04,Viernes,2589837.58,128505
1048,2022-03-05,Sábado,2308828.08,120368
1049,2022-03-06,Domingo,2039665.9,95853
1050,2022-03-07,Lunes,2061060.25,99695
1051,2022-03-08,Martes,2355140.44,117165
1052,2022-03-09,Miércoles,2427426.4,120056
1053,2022-03-10,Jueves,2635569.42,124861
1054,2022-03-11,Viernes,2708148.42,129455
1055,2022-03-12,Sábado,2287744.22,121776
1056,2022-03-13,Domingo,2115743.57,100133
1057,2022-03-14,Lunes,2114212.13,98693
1058,2022-03-15,Martes,2328940.67,112729
1059,2022-03-16,Miércoles,2485529.91,119733
1060,2022-03-17,Jueves,2485851.45,116633
1061,2022-03-18,Viernes,2757719.88,128276
1062,2022-03-19,Sábado,2425908.09,120655
1063,2022-03-20,Domingo,2280646.33,100169
1064,2022-03-21,Lunes,2174061.57,100551
1065,2022-03-22,Martes,2319091.46,113331
1066,2022-03-23,Miércoles,2469414.0,122056
1067,2022-03-24,Jueves,2556177.76,124345
1068,2022-03-25,Viernes,2609439.28,124059
1069,2022-03-26,Sábado,2501170.95,127324
1070,2022-03-27,Domingo,2289977.29,107222
1071,2022-03-28,Lunes,2330733.36,112277
1072,2022-03-29,Martes,2508631.2,123866
1073,2022-03-30,Miércoles,2571919.38,126442
1074,2022-03-31,Jueves,2705961.16,128465
1075,2022-04-01,Viernes,279.02,13
1076,2022-04-03,Domingo,25.62,2
1077,2022-04-14,Jueves,42.32,3
1078,2022-04-16,Sábado,51.72,3
1079,2022-04-24,Domingo,22.92,2
1080,2022-05-06,Viernes,42.120000000000005,4
1081,2022-05-08,Domingo,54.32,3
1082,2022-05-15,Domingo,57.64,4
1083,2022-03-31,Jueves,1773.77,73
1084,2022-04-01,Viernes,2856416.39,135547
1085,2022-04-02,Sábado,2574575.55,127957
1086,2022-04-03,Domingo,2260975.53,104448
1087,2022-04-04,Lunes,2325282.05,109726
1088,2022-04-05,Martes,2521273.1,121968
1089,2022-04-06,Miércoles,2605405.66,124764
1090,2022-04-07,Jueves,2702341.93,129116
1091,2022-04-08,Viernes,2817900.56,130708
1092,2022-04-09,Sábado,2615545.14,128584
1093,2022-04-10,Domingo,2368334.27,109767
1094,2022-04-11,Lunes,2307728.76,107538
1095,2022-04-12,Martes,2693049.33,117809
1096,2022-04-13,Miércoles,2643563.93,122117
1097,2022-04-14,Jueves,2741927.69,128179
1098,2022-04-15,Viernes,2568407.1,121835
1099,2022-04-16,Sábado,2266724.71,115277
1100,2022-04-17,Domingo,2051992.34,96306
1101,2022-04-18,Lunes,2209978.85,103235
1102,2022-04-19,Martes,2463267.42,118539
1103,2022-04-20,Miércoles,2564550.24,121534
1104,2022-04-21,Jueves,2675167.46,127415
1105,2022-04-22,Viernes,2682205.97,128247
1106,2022-04-23,Sábado,2586820.16,124411
1107,2022-04-24,Domingo,2341073.58,103935
1108,2022-04-25,Lunes,2309370.13,106623
1109,2022-04-26,Martes,2533295.25,120156
1110,2022-04-27,Miércoles,2722208.76,127674
1111,2022-04-28,Jueves,2828108.25,129292
1112,2022-04-29,Viernes,2790417.98,129113
1113,2022-04-30,Sábado,2651222.73,127942
1114,2022-05-01,Domingo,1202.59,49
1115,2022-05-02,Lunes,530.75,22
1116,2022-05-03,Martes,126.2,7
1117,2022-04-30,Sábado,2148.04,106
1118,2022-05-01,Domingo,2322043.19,100191
1119,2022-05-02,Lunes,2113397.67,95596
1120,2022-05-03,Martes,2567081.39,120446
1121,2022-05-04,Miércoles,2641224.05,125434
1122,2022-05-05,Jueves,2847494.44,131774
1123,2022-05-06,Viernes,2781671.02,128032
1124,2022-05-07,Sábado,2358364.88,118187
1125,2022-05-08,Domingo,2269411.94,103575
1126,2022-05-09,Lunes,2361895.74,107893
1127,2022-05-10,Martes,2579051.07,121334
1128,2022-05-11,Miércoles,2714939.07,127614
1129,2022-05-12,Jueves,2900195.52,133017
1130,2022-05-13,Viernes,2880217.75,129999
1131,2022-05-14,Sábado,2671047.63,125805
1132,2022-05-15,Domingo,2463570.32,106627
1133,2022-05-16,Lunes,2529439.53,113886
1134,2022-05-17,Martes,2832465.04,122954
1135,2022-05-18,Miércoles,2877685.2,125685
1136,2022-05-19,Jueves,2973584.03,128777
1137,2022-05-20,Viernes,2831650.33,123896
1138,2022-05-21,Sábado,2760093.83,124071
1139,2022-05-22,Domingo,2396904.03,101488
1140,2022-05-23,Lunes,2515907.22,110461
1141,2022-05-24,Martes,2637447.12,120595
1142,2022-05-25,Miércoles,2720477.41,121986
1143,2022-05-26,Jueves,2712150.68,121296
1144,2022-05-27,Viernes,2442135.2,110473
1145,2022-05-28,Sábado,2089136.37,98828
1146,2022-05-29,Domingo,2034550.43,91671
1147,2022-05-30,Lunes,1930619.33,83190
1148,2022-05-31,Martes,2464961.61,113371
1149,2022-06-01,Miércoles,511.01,22
1150,2022-05-31,Martes,1022.45,43
1151,2022-06-01,Miércoles,2609174.55,121897
1152,2022-06-02,Jueves,2742956.87,125442
1153,2022-06-03,Viernes,2733057.13,124843
1154,2022-06-04,Sábado,2530847.21,122564
1155,2022-06-05,Domingo,2358673.45,102225
1156,2022-06-06,Lunes,2474115.93,112515
1157,2022-06-07,Martes,2738693.38,127606
1158,2022-06-08,Miércoles,2820704.15,129391
1159,2022-06-09,Jueves,2962533.64,132859
1160,2022-06-10,Viernes,2882857.77,128739
1161,2022-06-11,Sábado,2984185.33,121444
1162,2022-06-12,Domingo,2301366.0,99095
1163,2022-06-13,Lunes,2620075.74,118511
1164,2022-06-14,Martes,2750948.87,125404
1165,2022-06-15,Miércoles,2897135.65,130473
1166,2022-06-16,Jueves,2848055.36,129297
1167,2022-06-17,Viernes,2845463.68,125639
1168,2022-06-18,Sábado,2464722.83,116015
1169,2022-06-19,Domingo,2216316.34,98895
1170,2022-06-20,Lunes,2272992.28,100787
1171,2022-06-21,Martes,2648342.11,121645
1172,2022-06-22,Miércoles,2679573.94,123232
1173,2022-06-23,Jueves,2924887.34,130512
1174,2022-06-24,Viernes,2793829.76,124645
1175,2022-06-25,Sábado,2551109.01,119974
1176,2022-06-26,Domingo,2201000.89,93154
1177,2022-06-27,Lunes,2341374.1,104815
1178,2022-06-28,Martes,2466143.0,114168
1179,2022-06-29,Miércoles,2515669.52,117386
1180,2022-06-30,Jueves,2510191.04,114440
1181,2022-07-01,Viernes,381.5,22
1182,2022-06-30,Jueves,1361.32,58
1183,2022-07-01,Viernes,2214772.15,102176
1184,2022-07-02,Sábado,1785492.92,86782
1185,2022-07-03,Domingo,1602668.89,74899
1186,2022-07-04,Lunes,1482994.51,64887
1187,2022-07-05,Martes,2040466.43,94906
1188,2022-07-06,Miércoles,2146962.57,103805
1189,2022-07-07,Jueves,2257737.65,108181
1190,2022-07-08,Viernes,2219655.61,104675
1191,2022-07-09,Sábado,2009522.18,96848
1192,2022-07-10,Domingo,1933609.94,85315
1193,2022-07-11,Lunes,2129800.65,97683
1194,2022-07-12,Martes,2386419.56,113204
1195,2022-07-13,Miércoles,2529033.54,118331
1196,2022-07-14,Jueves,2554003.88,118605
1197,2022-07-15,Viernes,2414717.77,111240
1198,2022-07-16,Sábado,2251470.34,107205
1199,2022-07-17,Domingo,2060078.07,90877
1200,2022-07-18,Lunes,2134601.07,97683
1201,2022-07-19,Martes,2461516.1,115112
1202,2022-07-20,Miércoles,2538500.56,118961
1203,2022-07-21,Jueves,2544855.59,117184
1204,2022-07-22,Viernes,2334662.67,110232
1205,2022-07-23,Sábado,2129223.06,104466
1206,2022-07-24,Domingo,2003630.6,91216
1207,2022-07-25,Lunes,2062854.94,95691
1208,2022-07-26,Martes,2371492.83,110850
1209,2022-07-27,Miércoles,2442758.91,115698
1210,2022-07-28,Jueves,2490765.68,116813
1211,2022-07-29,Viernes,2404641.5,110678
1212,2022-07-30,Sábado,2132696.52,102431
1213,2022-07-31,Domingo,1970624.91,87678
1214,2022-08-01,Lunes,248.74,15
1215,2022-07-31,Domingo,746.02,29
1216,2022-08-01,Lunes,2029964.46,92294
1217,2022-08-02,Martes,2238358.3,108256
1218,2022-08-03,Miércoles,2299594.24,110853
1219,2022-08-04,Jueves,2409838.51,113408
1220,2022-08-05,Viernes,2328866.08,108362
1221,2022-08-06,Sábado,2182077.53,105647
1222,2022-08-07,Domingo,1943027.88,87277
1223,2022-08-08,Lunes,2102639.36,97791
1224,2022-08-09,Martes,2325685.67,112476
1225,2022-08-10,Miércoles,1824688.08,85626
1226,2022-08-11,Jueves,2475971.69,114694
1227,2022-08-12,Viernes,2365188.54,108633
1228,2022-08-13,Sábado,2128628.49,100702
1229,2022-08-14,Domingo,1982697.84,85750
1230,2022-08-15,Lunes,2042785.18,92816
1231,2022-08-16,Martes,2199515.75,104352
1232,2022-08-17,Miércoles,2279143.08,107363
1233,2022-08-18,Jueves,2365171.06,109376
1234,2022-08-19,Viernes,2307133.44,105384
1235,2022-08-20,Sábado,2159072.23,101258
1236,2022-08-21,Domingo,1969686.47,86306
1237,2022-08-22,Lunes,1986389.13,91612
1238,2022-08-23,Martes,2265412.87,105238
1239,2022-08-24,Miércoles,2287246.62,107904
1240,2022-08-25,Jueves,2352933.44,109576
1241,2022-08-26,Viernes,2274078.87,105994
1242,2022-08-27,Sábado,2172414.89,103349
1243,2022-08-28,Domingo,2040882.95,87886
1244,2022-08-29,Lunes,2037827.63,91401
1245,2022-08-30,Martes,2227570.74,105144
1246,2022-08-31,Miércoles,2346578.74,105896
1247,2022-09-01,Jueves,387.32,16
1248,2022-08-31,Miércoles,1443.45,55
1249,2022-09-01,Jueves,2385832.54,106962
1250,2022-09-02,Viernes,2304576.0,103320
1251,2022-09-03,Sábado,2056155.89,96934
1252,2022-09-04,Domingo,1982512.56,88481
1253,2022-09-05,Lunes,1974702.92,80419
1254,2022-09-06,Martes,2322839.57,102106
1255,2022-09-07,Miércoles,2602883.08,118921
1256,2022-09-08,Jueves,2807083.59,124662
1257,2022-09-09,Viernes,2814153.61,125174
1258,2022-09-10,Sábado,2583757.84,117628
1259,2022-09-11,Domingo,2326772.0,101167
1260,2022-09-12,Lunes,2542585.33,110826
1261,2022-09-13,Martes,2720698.33,122003
1262,2022-09-14,Miércoles,2793831.54,124052
1263,2022-09-15,Jueves,2913156.94,127956
1264,2022-09-16,Viernes,2847786.51,125862
1265,2022-09-17,Sábado,1271677.65,59501
1266,2022-09-18,Domingo,127162.69,4229
1267,2022-09-19,Lunes,2457723.41,105585
1268,2022-09-20,Martes,2543743.11,106678
1269,2022-09-21,Miércoles,2559346.13,102864
1270,2022-09-22,Jueves,2598705.1,109086
1271,2022-09-23,Viernes,2765694.59,119173
1272,2022-09-24,Sábado,2690049.28,117453
1273,2022-09-25,Domingo,2259836.67,99174
1274,2022-09-26,Lunes,2174940.57,97024
1275,2022-09-27,Martes,2436716.17,113328
1276,2022-09-28,Miércoles,2670550.09,122550
1277,2022-09-29,Jueves,2843769.8,126801
1278,2022-09-30,Viernes,2755818.67,123771
1279,2022-10-01,Sábado,337.8,19
1280,2022-01-01,Sábado,1330638.29,63441
1281,2022-01-02,Domingo,1329446.47,58421
1282,2022-01-03,Lunes,1513871.22,72405
1283,2022-01-04,Martes,1476121.01,74562
1284,2022-01-05,Miércoles,1443025.39,74592
1285,2022-01-06,Jueves,1489668.14,79909
1286,2022-01-07,Viernes,1712217.66,71590
1287,2022-01-08,Sábado,1538964.97,83177
1288,2022-01-09,Domingo,1281540.9,64014
1289,2022-01-10,Lunes,1387224.21,73692
1290,2022-01-11,Martes,1395534.42,77603
1291,2022-01-12,Miércoles,1463859.49,80352
1292,2022-01-13,Jueves,1577437.97,84952
1293,2022-01-14,Viernes,1773525.23,93817
1294,2022-01-15,Sábado,1608275.65,88704
1295,2022-01-16,Domingo,1381919.28,72783
1296,2022-01-17,Lunes,1294964.35,63518
1297,2022-01-18,Martes,1606688.6,84603
1298,2022-01-19,Miércoles,1580338.68,86640
1299,2022-01-20,Jueves,1655484.26,90778
1300,2022-01-21,Viernes,1840712.53,101054
1301,2022-01-22,Sábado,1721959.11,96587
1302,2022-01-23,Domingo,1503166.83,76914
1303,2022-01-24,Lunes,1472686.97,78541
1304,2022-01-25,Martes,1587978.92,87349
1305,2022-01-26,Miércoles,1745617.25,96747
1306,2022-01-27,Jueves,1893591.91,99766
1307,2022-01-28,Viernes,1871133.4,95873
1308,2022-01-29,Sábado,596288.57,34388
1309,2022-01-30,Domingo,1423532.52,71229
1310,2022-01-31,Lunes,1733552.74,85878
1311,2022-02-01,Martes,149.92,6
1312,2022-02-22,Martes,14.76,1
1313,2022-03-09,Miércoles,17.76,1
1314,2022-03-15,Martes,40.620000000000005,3
1315,2022-04-06,Miércoles,12.8,1
1316,2022-05-18,Miércoles,24.76,2
1317,2022-09-30,Viernes,1537.63,78
1318,2022-10-01,Sábado,2443058.67,118049
1319,2022-10-02,Domingo,2153460.0,95806
1320,2022-10-03,Lunes,2357450.38,108671
1321,2022-10-04,Martes,2337798.7,109671
1322,2022-10-05,Miércoles,2389249.61,114764
1323,2022-10-06,Jueves,2858637.75,123838
1324,2022-10-07,Viernes,2861567.5,125029
1325,2022-10-08,Sábado,2634054.38,122419
1326,2022-10-09,Domingo,2347192.96,98213
1327,2022-10-10,Lunes,2219863.13,94815
1328,2022-10-11,Martes,2657266.33,119423
1329,2022-10-12,Miércoles,2787058.44,124848
1330,2022-10-13,Jueves,2905161.06,128716
1331,2022-10-14,Viernes,2893454.57,127324
1332,2022-10-15,Sábado,2736316.48,127002
1333,2022-10-16,Domingo,2504736.62,108571
1334,2022-10-17,Lunes,2517990.83,111867
1335,2022-10-18,Martes,2750616.88,124694
1336,2022-10-19,Miércoles,2897041.56,129781
1337,2022-10-20,Jueves,2989746.91,132409
1338,2022-10-21,Viernes,2949395.48,129437
1339,2022-10-22,Sábado,2724284.62,128225
1340,2022-10-23,Domingo,2440922.01,105866
1341,2022-10-24,Lunes,2459864.96,111417
1342,2022-10-25,Martes,2683187.07,123128
1343,2022-10-26,Miércoles,2890943.32,128891
1344,2022-10-27,Jueves,3035093.41,132412
1345,2022-10-28,Viernes,2949718.5,132215
1346,2022-10-29,Sábado,2728555.84,127966
1347,2022-10-30,Domingo,2456072.74,108386
1348,2022-10-31,Lunes,2207045.77,101467
1349,2022-11-01,Martes,287.39,9
1350,2022-10-31,Lunes,844.6899999999999,34
1351,2022-11-01,Martes,2654261.55,120506
1352,2022-11-02,Miércoles,2739747.41,126271
1353,2022-11-03,Jueves,2934702.02,131484
1354,2022-11-04,Viernes,2871258.64,130682
1355,2022-11-05,Sábado,2728856.43,130401
1356,2022-11-06,Domingo,2400124.18,104570
1357,2022-11-07,Lunes,2548830.95,112135
1358,2022-11-08,Martes,2540424.57,121121
1359,2022-11-09,Miércoles,2814805.7,128700
1360,2022-11-10,Jueves,2999507.48,132727
1361,2022-11-11,Viernes,2655691.97,117728
1362,2022-11-12,Sábado,2740374.18,130944
1363,2022-11-13,Domingo,2626212.66,114269
1364,2022-11-14,Lunes,1880651.27,82278
1365,2022-11-15,Martes,2027394.81,90728
1366,2022-11-16,Miércoles,2085448.38,92660
1367,2022-11-17,Jueves,2185740.39,95344
1368,2022-11-18,Viernes,2121567.58,95454
1369,2022-11-19,Sábado,2018649.4,94932
1370,2022-11-20,Domingo,1798234.42,81125
1371,2022-11-21,Lunes,2334026.02,108526
1372,2022-11-22,Martes,2506904.77,114546
1373,2022-11-23,Miércoles,2273212.72,105640
1374,2022-11-24,Jueves,1438893.42,69663
1375,2022-11-25,Viernes,1791288.42,86607
1376,2022-11-26,Sábado,2181766.51,99513
1377,2022-11-27,Domingo,2128857.4,90529
1378,2022-11-28,Lunes,2483880.14,106488
1379,2022-11-29,Martes,2630170.1,119372
1380,2022-11-30,Miércoles,2643609.57,117677
1381,2022-12-01,Jueves,1185.16,57
1382,2022-11-30,Miércoles,1006.91,41
1383,2022-12-01,Jueves,3001128.02,130584
1384,2022-12-02,Viernes,2872137.19,129951
1385,2022-12-03,Sábado,2704089.73,129172
1386,2022-12-04,Domingo,2596689.99,111619
1387,2022-12-05,Lunes,2583766.22,113626
1388,2022-12-06,Martes,2756391.95,120179
1389,2022-12-07,Miércoles,2921494.99,125589
1390,2022-12-08,Jueves,3164328.32,133862
1391,2022-12-09,Viernes,3084772.75,135397
1392,2022-12-10,Sábado,2782836.57,129278
1393,2022-12-11,Domingo,2481945.47,107756
1394,2022-12-12,Lunes,2519681.65,112374
1395,2022-12-13,Martes,2741388.63,124239
1396,2022-12-14,Miércoles,2873477.5,129324
1397,2022-12-15,Jueves,2986784.49,131175
1398,2022-12-16,Viernes,2896642.26,127755
1399,2022-12-17,Sábado,2737619.14,125382
1400,2022-12-18,Domingo,2393914.92,102878
1401,2022-12-19,Lunes,3093795.53,112460
1402,2022-12-20,Martes,3226118.35,116021
1403,2022-12-21,Miércoles,3237295.06,113560
1404,2022-12-22,Jueves,2921261.87,102850
1405,2022-12-23,Viernes,2560326.72,95028
1406,2022-12-24,Sábado,1889923.55,75519
1407,2022-12-25,Domingo,1434350.49,50109
1408,2022-12-26,Lunes,1996421.24,67459
1409,2022-12-27,Martes,2580898.38,86290
1410,2022-12-28,Miércoles,2633193.96,89065
1411,2022-12-29,Jueves,2761350.25,93498
1412,2022-12-30,Viernes,2757787.48,92429
1413,2022-12-31,Sábado,2272815.42,85075
1414,2022-01-31,Lunes,589.23,21
1415,2022-02-01,Martes,1806357.47,92354
1416,2022-02-02,Miércoles,1835765.71,92576
1417,2022-02-03,Jueves,2009564.94,104562
1418,2022-02-04,Viernes,2008270.97,110309
1419,2022-02-05,Sábado,2110812.85,116980
1420,2022-02-06,Domingo,1737749.48,88141
1421,2022-02-07,Lunes,1752935.12,88867
1422,2022-02-08,Martes,1922509.5,102781
1423,2022-02-09,Miércoles,1986485.77,106089
1424,2022-02-10,Jueves,2181550.72,112804
1425,2022-02-11,Viernes,2329721.63,117752
1426,2022-02-12,Sábado,2264516.3,119684
1427,2022-02-13,Domingo,1813433.55,93022
1428,2022-02-14,Lunes,2122451.41,110542
1429,2022-02-15,Martes,2121971.06,110483
1430,2022-02-16,Miércoles,2105653.61,110268
1431,2022-02-17,Jueves,2215957.16,113142
1432,2022-02-18,Viernes,2377824.88,116275
1433,2022-02-19,Sábado,2158245.13,114374
1434,2022-02-20,Domingo,1904255.81,95331
1435,2022-02-21,Lunes,1826995.56,85869
1436,2022-02-22,Martes,2025341.93,101395
1437,2022-02-23,Miércoles,2216738.41,112205
1438,2022-02-24,Jueves,2372139.28,119890
1439,2022-02-25,Viernes,2308018.16,118228
1440,2022-02-26,Sábado,2370189.7,123056
1441,2022-02-27,Domingo,2100926.34,100167
1442,2022-02-28,Lunes,2104472.21,102221
1443,2022-03-01,Martes,373.17,12
1444,2022-03-12,Sábado,8.8,1
1445,2022-03-17,Jueves,10.56,1
1446,2022-03-18,Viernes,37.52,2
1447,2022-03-22,Martes,35.74,2
1448,2022-04-02,Sábado,44.52,3
1449,2022-04-09,Sábado,14.16,1
1450,2022-04-12,Martes,43.92,3
1451,2022-04-23,Sábado,38.64,3
1452,2022-05-03,Martes,35.480000000000004,3
1453,2022-05-15,Domingo,33.1,2
1454,2022-05-24,Martes,9.36,1
1455,2022-02-28,Lunes,909.23,45
1456,2022-03-01,Martes,2290088.84,113947
1457,2022-03-02,Miércoles,2389519.17,119863
1458,2022-03-03,Jueves,2585340.53,129290
1459,2022-03-04,Viernes,2589837.58,128505
1460,2022-03-05,Sábado,2308828.08,120368
1461,2022-03-06,Domingo,2039665.9,95853
1462,2022-03-07,Lunes,2061060.25,99695
1463,2022-03-08,Martes,2355140.44,117165
1464,2022-03-09,Miércoles,2427426.4,120056
1465,2022-03-10,Jueves,2635569.42,124861
1466,2022-03-11,Viernes,2708148.42,129455
1467,2022-03-12,Sábado,2287744.22,121776
1468,2022-03-13,Domingo,2115743.57,100133
1469,2022-03-14,Lunes,2114212.13,98693
1470,2022-03-15,Martes,2328940.67,112729
1471,2022-03-16,Miércoles,2485529.91,119733
1472,2022-03-17,Jueves,2485851.45,116633
1473,2022-03-18,Viernes,2757719.88,128276
1474,2022-03-19,Sábado,2425908.09,120655
1475,2022-03-20,Domingo,2280646.33,100169
1476,2022-03-21,Lunes,2174061.57,100551
1477,2022-03-22,Martes,2319091.46,113331
1478,2022-03-23,Miércoles,2469414.0,122056
1479,2022-03-24,Jueves,2556177.76,124345
1480,2022-03-25,Viernes,2609439.28,124059
1481,2022-03-26,Sábado,2501170.95,127324
1482,2022-03-27,Domingo,2289977.29,107222
1483,2022-03-28,Lunes,2330733.36,112277
1484,2022-03-29,Martes,2508631.2,123866
1485,2022-03-30,Miércoles,2571919.38,126442
1486,2022-03-31,Jueves,2705961.16,128465
1487,2022-04-01,Viernes,279.02,13
1488,2022-04-03,Domingo,25.62,2
1489,2022-04-14,Jueves,42.32,3
1490,2022-04-16,Sábado,51.72,3
1491,2022-04-24,Domingo,22.92,2
1492,2022-05-06,Viernes,42.120000000000005,4
1493,2022-05-08,Domingo,54.32,3
1494,2022-05-15,Domingo,57.64,4
1495,2022-03-31,Jueves,1773.77,73
1496,2022-04-01,Viernes,2856416.39,135547
1497,2022-04-02,Sábado,2574575.55,127957
1498,2022-04-03,Domingo,2260975.53,104448
1499,2022-04-04,Lunes,2325282.05,109726
1500,2022-04-05,Martes,2521273.1,121968
1501,2022-04-06,Miércoles,2605405.66,124764
1502,2022-04-07,Jueves,2702341.93,129116
1503,2022-04-08,Viernes,2817900.56,130708
1504,2022-04-09,Sábado,2615545.14,128584
1505,2022-04-10,Domingo,2368334.27,109767
1506,2022-04-11,Lunes,2307728.76,107538
1507,2022-04-12,Martes,2693049.33,117809
1508,2022-04-13,Miércoles,2643563.93,122117
1509,2022-04-14,Jueves,2741927.69,128179
1510,2022-04-15,Viernes,2568407.1,121835
1511,2022-04-16,Sábado,2266724.71,115277
1512,2022-04-17,Domingo,2051992.34,96306
1513,2022-04-18,Lunes,2209978.85,103235
1514,2022-04-19,Martes,2463267.42,118539
1515,2022-04-20,Miércoles,2564550.24,121534
1516,2022-04-21,Jueves,2675167.46,127415
1517,2022-04-22,Viernes,2682205.97,128247
1518,2022-04-23,Sábado,2586820.16,124411
1519,2022-04-24,Domingo,2341073.58,103935
1520,2022-04-25,Lunes,2309370.13,106623
1521,2022-04-26,Martes,2533295.25,120156
1522,2022-04-27,Miércoles,2722208.76,127674
1523,2022-04-28,Jueves,2828108.25,129292
1524,2022-04-29,Viernes,2790417.98,129113
1525,2022-04-30,Sábado,2651222.73,127942
1526,2022-05-01,Domingo,1202.59,49
1527,2022-05-02,Lunes,530.75,22
1528,2022-05-03,Martes,126.2,7
1529,2022-04-30,Sábado,2148.04,106
1530,2022-05-01,Domingo,2322043.19,100191
1531,2022-05-02,Lunes,2113397.67,95596
1532,2022-05-03,Martes,2567081.39,120446
1533,2022-05-04,Miércoles,2641224.05,125434
1534,2022-05-05,Jueves,2847494.44,131774
1535,2022-05-06,Viernes,2781671.02,128032
1536,2022-05-07,Sábado,2358364.88,118187
1537,2022-05-08,Domingo,2269411.94,103575
1538,2022-05-09,Lunes,2361895.74,107893
1539,2022-05-10,Martes,2579051.07,121334
1540,2022-05-11,Miércoles,2714939.07,127614
1541,2022-05-12,Jueves,2900195.52,133017
1542,2022-05-13,Viernes,2880217.75,129999
1543,2022-05-14,Sábado,2671047.63,125805
1544,2022-05-15,Domingo,2463570.32,106627
1545,2022-05-16,Lunes,2529439.53,113886
1546,2022-05-17,Martes,2832465.04,122954
1547,2022-05-18,Miércoles,2877685.2,125685
1548,2022-05-19,Jueves,2973584.03,128777
1549,2022-05-20,Viernes,2831650.33,123896
1550,2022-05-21,Sábado,2760093.83,124071
1551,2022-05-22,Domingo,2396904.03,101488
1552,2022-05-23,Lunes,2515907.22,110461
1553,2022-05-24,Martes,2637447.12,120595
1554,2022-05-25,Miércoles,2720477.41,121986
1555,2022-05-26,Jueves,2712150.68,121296
1556,2022-05-27,Viernes,2442135.2,110473
1557,2022-05-28,Sábado,2089136.37,98828
1558,2022-05-29,Domingo,2034550.43,91671
1559,2022-05-30,Lunes,1930619.33,83190
1560,2022-05-31,Martes,2464961.61,113371
1561,2022-06-01,Miércoles,511.01,22
1562,2022-05-31,Martes,1022.45,43
1563,2022-06-01,Miércoles,2609174.55,121897
1564,2022-06-02,Jueves,2742956.87,125442
1565,2022-06-03,Viernes,2733057.13,124843
1566,2022-06-04,Sábado,2530847.21,122564
1567,2022-06-05,Domingo,2358673.45,102225
1568,2022-06-06,Lunes,2474115.93,112515
1569,2022-06-07,Martes,2738693.38,127606
1570,2022-06-08,Miércoles,2820704.15,129391
1571,2022-06-09,Jueves,2962533.64,132859
1572,2022-06-10,Viernes,2882857.77,128739
1573,2022-06-11,Sábado,2984185.33,121444
1574,2022-06-12,Domingo,2301366.0,99095
1575,2022-06-13,Lunes,2620075.74,118511
1576,2022-06-14,Martes,2750948.87,125404
1577,2022-06-15,Miércoles,2897135.65,130473
1578,2022-06-16,Jueves,2848055.36,129297
1579,2022-06-17,Viernes,2845463.68,125639
1580,2022-06-18,Sábado,2464722.83,116015
1581,2022-06-19,Domingo,2216316.34,98895
1582,2022-06-20,Lunes,2272992.28,100787
1583,2022-06-21,Martes,2648342.11,121645
1584,2022-06-22,Miércoles,2679573.94,123232
1585,2022-06-23,Jueves,2924887.34,130512
1586,2022-06-24,Viernes,2793829.76,124645
1587,2022-06-25,Sábado,2551109.01,119974
1588,2022-06-26,Domingo,2201000.89,93154
1589,2022-06-27,Lunes,2341374.1,104815
1590,2022-06-28,Martes,2466143.0,114168
1591,2022-06-29,Miércoles,2515669.52,117386
1592,2022-06-30,Jueves,2510191.04,114440
1593,2022-07-01,Viernes,381.5,22
1594,2022-06-30,Jueves,1361.32,58
1595,2022-07-01,Viernes,2214772.15,102176
1596,2022-07-02,Sábado,1785492.92,86782
1597,2022-07-03,Domingo,1602668.89,74899
1598,2022-07-04,Lunes,1482994.51,64887
1599,2022-07-05,Martes,2040466.43,94906
1600,2022-07-06,Miércoles,2146962.57,103805
1601,2022-07-07,Jueves,2257737.65,108181
1602,2022-07-08,Viernes,2219655.61,104675
1603,2022-07-09,Sábado,2009522.18,96848
1604,2022-07-10,Domingo,1933609.94,85315
1605,2022-07-11,Lunes,2129800.65,97683
1606,2022-07-12,Martes,2386419.56,113204
1607,2022-07-13,Miércoles,2529033.54,118331
1608,2022-07-14,Jueves,2554003.88,118605
1609,2022-07-15,Viernes,2414717.77,111240
1610,2022-07-16,Sábado,2251470.34,107205
1611,2022-07-17,Domingo,2060078.07,90877
1612,2022-07-18,Lunes,2134601.07,97683
1613,2022-07-19,Martes,2461516.1,115112
1614,2022-07-20,Miércoles,2538500.56,118961
1615,2022-07-21,Jueves,2544855.59,117184
1616,2022-07-22,Viernes,2334662.67,110232
1617,2022-07-23,Sábado,2129223.06,104466
1618,2022-07-24,Domingo,2003630.6,91216
1619,2022-07-25,Lunes,2062854.94,95691
1620,2022-07-26,Martes,2371492.83,110850
1621,2022-07-27,Miércoles,2442758.91,115698
1622,2022-07-28,Jueves,2490765.68,116813
1623,2022-07-29,Viernes,2404641.5,110678
1624,2022-07-30,Sábado,2132696.52,102431
1625,2022-07-31,Domingo,1970624.91,87678
1626,2022-08-01,Lunes,248.74,15
1627,2022-07-31,Domingo,746.02,29
1628,2022-08-01,Lunes,2029964.46,92294
1629,2022-08-02,Martes,2238358.3,108256
1630,2022-08-03,Miércoles,2299594.24,110853
1631,2022-08-04,Jueves,2409838.51,113408
1632,2022-08-05,Viernes,2328866.08,108362
1633,2022-08-06,Sábado,2182077.53,105647
1634,2022-08-07,Domingo,1943027.88,87277
1635,2022-08-08,Lunes,2102639.36,97791
1636,2022-08-09,Martes,2325685.67,112476
1637,2022-08-10,Miércoles,1824688.08,85626
1638,2022-08-11,Jueves,2475971.69,114694
1639,2022-08-12,Viernes,2365188.54,108633
1640,2022-08-13,Sábado,2128628.49,100702
1641,2022-08-14,Domingo,1982697.84,85750
1642,2022-08-15,Lunes,2042785.18,92816
1643,2022-08-16,Martes,2199515.75,104352
1644,2022-08-17,Miércoles,2279143.08,107363
1645,2022-08-18,Jueves,2365171.06,109376
1646,2022-08-19,Viernes,2307133.44,105384
1647,2022-08-20,Sábado,2159072.23,101258
1648,2022-08-21,Domingo,1969686.47,86306
1649,2022-08-22,Lunes,1986389.13,91612
1650,2022-08-23,Martes,2265412.87,105238
1651,2022-08-24,Miércoles,2287246.62,107904
1652,2022-08-25,Jueves,2352933.44,109576
1653,2022-08-26,Viernes,2274078.87,105994
1654,2022-08-27,Sábado,2172414.89,103349
1655,2022-08-28,Domingo,2040882.95,87886
1656,2022-08-29,Lunes,2037827.63,91401
1657,2022-08-30,Martes,2227570.74,105144
1658,2022-08-31,Miércoles,2346578.74,105896
1659,2022-09-01,Jueves,387.32,16
1660,2022-08-31,Miércoles,1443.45,55
1661,2022-09-01,Jueves,2385832.54,106962
1662,2022-09-02,Viernes,2304576.0,103320
1663,2022-09-03,Sábado,2056155.89,96934
1664,2022-09-04,Domingo,1982512.56,88481
1665,2022-09-05,Lunes,1974702.92,80419
1666,2022-09-06,Martes,2322839.57,102106
1667,2022-09-07,Miércoles,2602883.08,118921
1668,2022-09-08,Jueves,2807083.59,124662
1669,2022-09-09,Viernes,2814153.61,125174
1670,2022-09-10,Sábado,2583757.84,117628
1671,2022-09-11,Domingo,2326772.0,101167
1672,2022-09-12,Lunes,2542585.33,110826
1673,2022-09-13,Martes,2720698.33,122003
1674,2022-09-14,Miércoles,2793831.54,124052
1675,2022-09-15,Jueves,2913156.94,127956
1676,2022-09-16,Viernes,2847786.51,125862
1677,2022-09-17,Sábado,1271677.65,59501
1678,2022-09-18,Domingo,127162.69,4229
1679,2022-09-19,Lunes,2457723.41,105585
1680,2022-09-20,Martes,2543743.11,106678
1681,2022-09-21,Miércoles,2559346.13,102864
1682,2022-09-22,Jueves,2598705.1,109086
1683,2022-09-23,Viernes,2765694.59,119173
1684,2022-09-24,Sábado,2690049.28,117453
1685,2022-09-25,Domingo,2259836.67,99174
1686,2022-09-26,Lunes,2174940.57,97024
1687,2022-09-27,Martes,2436716.17,113328
1688,2022-09-28,Miércoles,2670550.09,122550
1689,2022-09-29,Jueves,2843769.8,126801
1690,2022-09-30,Viernes,2755818.67,123771
1691,2022-10-01,Sábado,337.8,19
1692,2023-01-01,Domingo,2347474.51,76752
1693,2023-01-02,Lunes,2033444.79,65777
1694,2023-01-03,Martes,2488095.37,85783
1695,2023-01-04,Miércoles,2645252.0,95092
1696,2023-01-05,Jueves,2734582.83,101063
1697,2023-01-06,Viernes,2713405.82,102550
1698,2023-01-07,Sábado,2663632.38,105036
1699,2023-01-08,Domingo,2405499.78,85056
1700,2023-01-09,Lunes,2372112.11,85349
1701,2023-01-10,Martes,2630358.62,99916
1702,2023-01-11,Miércoles,2768538.41,106118
1703,2023-01-12,Jueves,3059892.1,111386
1704,2023-01-13,Viernes,3085231.0,110719
1705,2023-01-14,Sábado,2924021.65,112950
1706,2023-01-15,Domingo,2608082.32,96844
1707,2023-01-16,Lunes,2297121.36,80120
1708,2023-01-17,Martes,2815076.05,101052
1709,2023-01-18,Miércoles,2860057.87,106152
1710,2023-01-19,Jueves,3068876.8,114603
1711,2023-01-20,Viernes,2927241.05,109444
1712,2023-01-21,Sábado,2767060.01,111999
1713,2023-01-22,Domingo,2451610.54,89651
1714,2023-01-23,Lunes,2432855.02,89791
1715,2023-01-24,Martes,2726300.03,103858
1716,2023-01-25,Miércoles,2806736.28,109196
1717,2023-01-26,Jueves,3100411.71,114877
1718,2023-01-27,Viernes,2972187.57,111668
1719,2023-01-28,Sábado,2764630.92,111645
1720,2023-01-29,Domingo,2417267.6,88131
1721,2023-01-30,Lunes,2309069.64,83768
1722,2023-01-31,Martes,2667253.0,100372
1723,2023-02-01,Miércoles,313.81,10
1724,2023-01-31,Martes,214.97,8
1725,2023-02-01,Miércoles,2805988.39,107770
1726,2023-02-02,Jueves,2982669.88,113074
1727,2023-02-03,Viernes,2975692.75,115149
1728,2023-02-04,Sábado,2417880.51,98236
1729,2023-02-05,Domingo,2349277.0,84099
1730,2023-02-06,Lunes,2509955.21,91046
1731,2023-02-07,Martes,2773960.12,106097
1732,2023-02-08,Miércoles,2870839.11,108397
1733,2023-02-09,Jueves,3166657.91,115122
1734,2023-02-10,Viernes,3101093.81,114361
1735,2023-02-11,Sábado,2904755.79,114484
1736,2023-02-12,Domingo,2567642.78,94403
1737,2023-02-13,Lunes,2536309.66,92981
1738,2023-02-14,Martes,2873399.6,108344
1739,2023-02-15,Miércoles,3099368.63,110638
1740,2023-02-16,Jueves,3088931.52,112816
1741,2023-02-17,Viernes,3042301.13,111745
1742,2023-02-18,Sábado,2714296.3,105272
1743,2023-02-19,Domingo,2466801.43,90018
1744,2023-02-20,Lunes,2327346.96,79583
1745,2023-02-21,Martes,2744981.8,99877
1746,2023-02-22,Miércoles,3005936.52,110872
1747,2023-02-23,Jueves,3164198.75,115210
1748,2023-02-24,Viernes,3109646.6,115471
1749,2023-02-25,Sábado,2892835.93,113591
1750,2023-02-26,Domingo,2581990.06,91145
1751,2023-02-27,Lunes,2598396.69,92969
1752,2023-02-28,Martes,2706343.57,101130
1753,2023-03-01,Miércoles,640.77,25
1754,2023-03-06,Lunes,464.2,16
1755,2023-03-07,Martes,20.2,1
1756,2023-02-22,Miércoles,43.54,2
1757,2023-02-23,Jueves,535.62,32
1758,2023-02-24,Viernes,331.74,21
1759,2023-02-27,Lunes,388.0,23
1760,2023-02-28,Martes,489.31,15
1761,2023-03-01,Miércoles,3162254.65,115272
1762,2023-03-02,Jueves,3283879.14,118944
1763,2023-03-03,Viernes,3122397.02,116428
1764,2023-03-04,Sábado,2880126.15,113201
1765,2023-03-05,Domingo,2732320.22,97012
1766,2023-03-06,Lunes,2662807.37,93547
1767,2023-03-07,Martes,3036362.41,113801
1768,2023-03-08,Miércoles,3238932.17,117449
1769,2023-03-09,Jueves,3368464.37,121705
1770,2023-03-10,Viernes,3349152.89,121793
1771,2023-03-11,Sábado,2838907.11,111369
1772,2023-03-12,Domingo,2697944.35,95149
1773,2023-03-13,Lunes,2839005.06,100498
1774,2023-03-14,Martes,2891930.99,107682
1775,2023-03-15,Miércoles,3404896.8,120047
1776,2023-03-16,Jueves,3581030.52,124026
1777,2023-03-17,Viernes,3258681.24,112560
1778,2023-03-18,Sábado,3175632.84,121648
1779,2023-03-19,Domingo,2944879.32,100555
1780,2023-03-20,Lunes,2733879.71,91489
1781,2023-03-21,Martes,2861171.75,101875
1782,2023-03-22,Miércoles,2984926.67,106032
1783,2023-03-23,Jueves,3267531.79,114123
1784,2023-03-24,Viernes,3107691.35,111041
1785,2023-03-25,Sábado,2953791.82,115598
1786,2023-03-26,Domingo,2766435.1,94130
1787,2023-03-27,Lunes,2773603.67,96449
1788,2023-03-28,Martes,2914853.74,104320
1789,2023-03-29,Miércoles,3134213.05,111286
1790,2023-03-30,Jueves,3402866.52,119315
1791,2023-03-31,Viernes,3261189.49,115233
1792,2023-04-01,Sábado,499.29,16
1793,2023-04-03,Lunes,609.76,21
1794,2023-04-04,Martes,551.97,27
1795,2023-04-05,Miércoles,531.82,21
1796,2023-03-31,Viernes,1143.21,41
1797,2023-04-01,Sábado,3039316.75,116985
1798,2023-04-02,Domingo,2867286.89,99876
1799,2023-04-03,Lunes,2788444.94,96894
1800,2023-04-04,Martes,2962057.51,108562
1801,2023-04-05,Miércoles,3205379.74,115629
1802,2023-04-06,Jueves,3033665.88,108133
1803,2023-04-07,Viernes,2856889.49,106042
1804,2023-04-08,Sábado,2555305.96,101579
1805,2023-04-09,Domingo,2507279.67,88448
1806,2023-04-10,Lunes,2653509.79,89793
1807,2023-04-11,Martes,2974045.18,104907
1808,2023-04-12,Miércoles,3130864.55,113283
1809,2023-04-13,Jueves,3445645.07,122099
1810,2023-04-14,Viernes,3459697.28,123985
1811,2023-04-15,Sábado,3173074.85,118936
1812,2023-04-16,Domingo,2876431.7,98528
1813,2023-04-17,Lunes,2914690.02,97845
1814,2023-04-18,Martes,3286235.23,115015
1815,2023-04-19,Miércoles,3356657.36,117691
1816,2023-04-20,Jueves,3708651.29,125748
1817,2023-04-21,Viernes,3326577.81,116912
1818,2023-04-22,Sábado,3098491.35,118000
1819,2023-04-23,Domingo,2976827.8,98060
1820,2023-04-24,Lunes,3010904.8,99928
1821,2023-04-25,Martes,3281310.68,112873
1822,2023-04-26,Miércoles,3465337.09,120136
1823,2023-04-27,Jueves,3683699.96,124363
1824,2023-04-28,Viernes,3521923.33,123181
1825,2023-04-29,Sábado,2979775.29,110530
1826,2023-04-30,Domingo,2814340.41,94194
1827,2023-05-01,Lunes,17.16,1
1828,2023-05-02,Martes,754.63,23
1829,2023-05-03,Miércoles,591.38,22
1830,2023-04-30,Domingo,332.6,8
1831,2023-05-01,Lunes,3079928.98,99693
1832,2023-05-02,Martes,3282987.18,115039
1833,2023-05-03,Miércoles,3416462.54,119562
1834,2023-05-04,Jueves,3661644.23,126709
1835,2023-05-05,Viernes,3457889.08,121662
1836,2023-05-06,Sábado,3201898.02,121580
1837,2023-05-07,Domingo,3019346.57,101326
1838,2023-05-08,Lunes,2948033.14,98829
1839,2023-05-09,Martes,3319205.54,115881
1840,2023-05-10,Miércoles,3583059.62,120905
1841,2023-05-11,Jueves,3809608.24,130176
1842,2023-05-12,Viernes,3656826.38,126017
1843,2023-05-13,Sábado,3276954.38,122061
1844,2023-05-14,Domingo,3182763.29,109618
1845,2023-05-15,Lunes,3274221.0,109010
1846,2023-05-16,Martes,3646858.75,124635
1847,2023-05-17,Miércoles,3905637.7,132303
1848,2023-05-18,Jueves,4062486.42,134666
1849,2023-05-19,Viernes,3655874.38,128064
1850,2023-05-20,Sábado,3290607.86,119245
1851,2023-05-21,Domingo,3171458.11,102831
1852,2023-05-22,Lunes,3074757.4,103944
1853,2023-05-23,Martes,3315582.61,116525
1854,2023-05-24,Miércoles,3566276.65,125529
1855,2023-05-25,Jueves,3445970.42,117282
1856,2023-05-26,Viernes,2964314.34,102637
1857,2023-05-27,Sábado,2538635.87,94051
1858,2023-05-28,Domingo,2391351.98,83598
1859,2023-05-29,Lunes,2330385.5,75328
1860,2023-05-30,Martes,2954135.52,100255
1861,2023-05-31,Miércoles,3278758.05,114638
1862,2023-06-01,Jueves,533.05,16
1863,2023-06-10,Sábado,113.46,2
1864,2023-06-12,Lunes,96.9,1
1865,2023-06-14,Miércoles,84.3,4
1866,2023-06-17,Sábado,103.08,2
1867,2023-07-02,Domingo,28.92,1
1868,2023-07-05,Miércoles,91.11,5
1869,2023-07-25,Martes,16.32,1
1870,2023-07-27,Jueves,50.11,2
1871,2023-08-15,Martes,51.36,2
1872,2023-09-05,Martes,12.96,1
1873,2023-01-01,Domingo,2347474.51,76752
1874,2023-01-02,Lunes,2033444.79,65777
1875,2023-01-03,Martes,2488095.37,85783
1876,2023-01-04,Miércoles,2645252.0,95092
1877,2023-01-05,Jueves,2734582.83,101063
1878,2023-01-06,Viernes,2713405.82,102550
1879,2023-01-07,Sábado,2663632.38,105036
1880,2023-01-08,Domingo,2405499.78,85056
1881,2023-01-09,Lunes,2372112.11,85349
1882,2023-01-10,Martes,2630358.62,99916
1883,2023-01-11,Miércoles,2768538.41,106118
1884,2023-01-12,Jueves,3059892.1,111386
1885,2023-01-13,Viernes,3085231.0,110719
1886,2023-01-14,Sábado,2924021.65,112950
1887,2023-01-15,Domingo,2608082.32,96844
1888,2023-01-16,Lunes,2297121.36,80120
1889,2023-01-17,Martes,2815076.05,101052
1890,2023-01-18,Miércoles,2860057.87,106152
1891,2023-01-19,Jueves,3068876.8,114603
1892,2023-01-20,Viernes,2927241.05,109444
1893,2023-01-21,Sábado,2767060.01,111999
1894,2023-01-22,Domingo,2451610.54,89651
1895,2023-01-23,Lunes,2432855.02,89791
1896,2023-01-24,Martes,2726300.03,103858
1897,2023-01-25,Miércoles,2806736.28,109196
1898,2023-01-26,Jueves,3100411.71,114877
1899,2023-01-27,Viernes,2972187.57,111668
1900,2023-01-28,Sábado,2764630.92,111645
1901,2023-01-29,Domingo,2417267.6,88131
1902,2023-01-30,Lunes,2309069.64,83768
1903,2023-01-31,Martes,2667253.0,100372
1904,2023-02-01,Miércoles,313.81,10
1905,2023-01-31,Martes,214.97,8
1906,2023-02-01,Miércoles,2805988.39,107770
1907,2023-02-02,Jueves,2982669.88,113074
1908,2023-02-03,Viernes,2975692.75,115149
1909,2023-02-04,Sábado,2417880.51,98236
1910,2023-02-05,Domingo,2349277.0,84099
1911,2023-02-06,Lunes,2509955.21,91046
1912,2023-02-07,Martes,2773960.12,106097
1913,2023-02-08,Miércoles,2870839.11,108397
1914,2023-02-09,Jueves,3166657.91,115122
1915,2023-02-10,Viernes,3101093.81,114361
1916,2023-02-11,Sábado,2904755.79,114484
1917,2023-02-12,Domingo,2567642.78,94403
1918,2023-02-13,Lunes,2536309.66,92981
1919,2023-02-14,Martes,2873399.6,108344
1920,2023-02-15,Miércoles,3099368.63,110638
1921,2023-02-16,Jueves,3088931.52,112816
1922,2023-02-17,Viernes,3042301.13,111745
1923,2023-02-18,Sábado,2714296.3,105272
1924,2023-02-19,Domingo,2466801.43,90018
1925,2023-02-20,Lunes,2327346.96,79583
1926,2023-02-21,Martes,2744981.8,99877
1927,2023-02-22,Miércoles,3005936.52,110872
1928,2023-02-23,Jueves,3164198.75,115210
1929,2023-02-24,Viernes,3109646.6,115471
1930,2023-02-25,Sábado,2892835.93,113591
1931,2023-02-26,Domingo,2581990.06,91145
1932,2023-02-27,Lunes,2598396.69,92969
1933,2023-02-28,Martes,2706343.57,101130
1934,2023-03-01,Miércoles,640.77,25
1935,2023-03-06,Lunes,464.2,16
1936,2023-03-07,Martes,20.2,1
1937,2023-02-22,Miércoles,43.54,2
1938,2023-02-23,Jueves,535.62,32
1939,2023-02-24,Viernes,331.74,21
1940,2023-02-27,Lunes,388.0,23
1941,2023-02-28,Martes,489.31,15
1942,2023-03-01,Miércoles,3162254.65,115272
1943,2023-03-02,Jueves,3283879.14,118944
1944,2023-03-03,Viernes,3122397.02,116428
1945,2023-03-04,Sábado,2880126.15,113201
1946,2023-03-05,Domingo,2732320.22,97012
1947,2023-03-06,Lunes,2662807.37,93547
1948,2023-03-07,Martes,3036362.41,113801
1949,2023-03-08,Miércoles,3238932.17,117449
1950,2023-03-09,Jueves,3368464.37,121705
1951,2023-03-10,Viernes,3349152.89,121793
1952,2023-03-11,Sábado,2838907.11,111369
1953,2023-03-12,Domingo,2697944.35,95149
1954,2023-03-13,Lunes,2839005.06,100498
1955,2023-03-14,Martes,2891930.99,107682
1956,2023-03-15,Miércoles,3404896.8,120047
1957,2023-03-16,Jueves,3581030.52,124026
1958,2023-03-17,Viernes,3258681.24,112560
1959,2023-03-18,Sábado,3175632.84,121648
1960,2023-03-19,Domingo,2944879.32,100555
1961,2023-03-20,Lunes,2733879.71,91489
1962,2023-03-21,Martes,2861171.75,101875
1963,2023-03-22,Miércoles,2984926.67,106032
1964,2023-03-23,Jueves,3267531.79,114123
1965,2023-03-24,Viernes,3107691.35,111041
1966,2023-03-25,Sábado,2953791.82,115598
1967,2023-03-26,Domingo,2766435.1,94130
1968,2023-03-27,Lunes,2773603.67,96449
1969,2023-03-28,Martes,2914853.74,104320
1970,2023-03-29,Miércoles,3134213.05,111286
1971,2023-03-30,Jueves,3402866.52,119315
1972,2023-03-31,Viernes,3261189.49,115233
1973,2023-04-01,Sábado,499.29,16
1974,2023-04-03,Lunes,609.76,21
1975,2023-04-04,Martes,551.97,27
1976,2023-04-05,Miércoles,531.82,21
1977,2023-03-31,Viernes,1143.21,41
1978,2023-04-01,Sábado,3039316.75,116985
1979,2023-04-02,Domingo,2867286.89,99876
1980,2023-04-03,Lunes,2788444.94,96894
1981,2023-04-04,Martes,2962057.51,108562
1982,2023-04-05,Miércoles,3205379.74,115629
1983,2023-04-06,Jueves,3033665.88,108133
1984,2023-04-07,Viernes,2856889.49,106042
1985,2023-04-08,Sábado,2555305.96,101579
1986,2023-04-09,Domingo,2507279.67,88448
1987,2023-04-10,Lunes,2653509.79,89793
1988,2023-04-11,Martes,2974045.18,104907
1989,2023-04-12,Miércoles,3130864.55,113283
1990,2023-04-13,Jueves,3445645.07,122099
1991,2023-04-14,Viernes,3459697.28,123985
1992,2023-04-15,Sábado,3173074.85,118936
1993,2023-04-16,Domingo,2876431.7,98528
1994,2023-04-17,Lunes,2914690.02,97845
1995,2023-04-18,Martes,3286235.23,115015
1996,2023-04-19,Miércoles,3356657.36,117691
1997,2023-04-20,Jueves,3708651.29,125748
1998,2023-04-21,Viernes,3326577.81,116912
1999,2023-04-22,Sábado,3098491.35,118000
2000,2023-04-23,Domingo,2976827.8,98060
2001,2023-04-24,Lunes,3010904.8,99928
2002,2023-04-25,Martes,3281310.68,112873
2003,2023-04-26,Miércoles,3465337.09,120136
2004,2023-04-27,Jueves,3683699.96,124363
2005,2023-04-28,Viernes,3521923.33,123181
2006,2023-04-29,Sábado,2979775.29,110530
2007,2023-04-30,Domingo,2814340.41,94194
2008,2023-05-01,Lunes,17.16,1
2009,2023-05-02,Martes,754.63,23
2010,2023-05-03,Miércoles,591.38,22
2011,2023-04-30,Domingo,332.6,8
2012,2023-05-01,Lunes,3079928.98,99693
2013,2023-05-02,Martes,3282987.18,115039
2014,2023-05-03,Miércoles,3416462.54,119562
2015,2023-05-04,Jueves,3661644.23,126709
2016,2023-05-05,Viernes,3457889.08,121662
2017,2023-05-06,Sábado,3201898.02,121580
2018,2023-05-07,Domingo,3019346.57,101326
2019,2023-05-08,Lunes,2948033.14,98829
2020,2023-05-09,Martes,3319205.54,115881
2021,2023-05-10,Miércoles,3583059.62,120905
2022,2023-05-11,Jueves,3809608.24,130176
2023,2023-05-12,Viernes,3656826.38,126017
2024,2023-05-13,Sábado,3276954.38,122061
2025,2023-05-14,Domingo,3182763.29,109618
2026,2023-05-15,Lunes,3274221.0,109010
2027,2023-05-16,Martes,3646858.75,124635
2028,2023-05-17,Miércoles,3905637.7,132303
2029,2023-05-18,Jueves,4062486.42,134666
2030,2023-05-19,Viernes,3655874.38,128064
2031,2023-05-20,Sábado,3290607.86,119245
2032,2023-05-21,Domingo,3171458.11,102831
2033,2023-05-22,Lunes,3074757.4,103944
2034,2023-05-23,Martes,3315582.61,116525
2035,2023-05-24,Miércoles,3566276.65,125529
2036,2023-05-25,Jueves,3445970.42,117282
2037,2023-05-26,Viernes,2964314.34,102637
2038,2023-05-27,Sábado,2538635.87,94051
2039,2023-05-28,Domingo,2391351.98,83598
2040,2023-05-29,Lunes,2330385.5,75328
2041,2023-05-30,Martes,2954135.52,100255
2042,2023-05-31,Miércoles,3278758.05,114638
2043,2023-06-01,Jueves,533.05,16
2044,2023-06-10,Sábado,113.46,2
2045,2023-06-12,Lunes,96.9,1
2046,2023-06-14,Miércoles,84.3,4
2047,2023-06-17,Sábado,103.08,2
2048,2023-07-02,Domingo,28.92,1
2049,2023-07-05,Miércoles,91.11,5
2050,2023-07-25,Martes,16.32,1
2051,2023-07-27,Jueves,50.11,2
2052,2023-08-15,Martes,51.36,2
2053,2023-09-05,Martes,12.96,1
2054,2021-01-01,Viernes,467086.16,24827
2055,2021-01-02,Sábado,650303.53,34309
2056,2021-01-03,Domingo,538830.02,26345
2057,2021-01-04,Lunes,825588.0700000001,44545
2058,2021-01-05,Martes,830567.6,46880
2059,2021-01-06,Miércoles,859778.3200000001,49547
2060,2021-01-07,Jueves,886008.23,50290
2061,2021-01-08,Viernes,871206.52,50477
2062,2021-01-09,Sábado,695909.55,39911
2063,2021-01-10,Domingo,556351.0,29855
2064,2021-01-11,Lunes,816635.16,46849
2065,2021-01-12,Martes,868226.91,50133
2066,2021-01-13,Miércoles,873117.08,51306
2067,2021-01-14,Jueves,925183.82,53051
2068,2021-01-15,Viernes,924665.2,53024
2069,2021-01-16,Sábado,668848.28,38723
2070,2021-01-17,Domingo,576767.92,31985
2071,2021-01-18,Lunes,653267.58,37092
2072,2021-01-19,Martes,889278.46,51149
2073,2021-01-20,Miércoles,836173.93,49437
2074,2021-01-21,Jueves,929307.27,53280
2075,2021-01-22,Viernes,933129.18,54285
2076,2021-01-23,Sábado,698308.62,42054
2077,2021-01-24,Domingo,554128.97,31033
2078,2021-01-25,Lunes,821057.0700000001,47423
2079,2021-01-26,Martes,805651.51,47818
2080,2021-01-27,Miércoles,894418.64,52655
2081,2021-01-28,Jueves,959114.49,56444
2082,2021-01-29,Viernes,929731.06,54602
2083,2021-01-30,Sábado,657641.24,39233
2084,2021-01-31,Domingo,539195.22,31183
2085,2021-02-01,Lunes,32.94,3
2086,2021-02-22,Lunes,10.56,1
2087,2021-09-30,Jueves,1201.07,62
2088,2021-10-01,Viernes,2420482.84,117062
2089,2021-10-02,Sábado,2237654.45,115086
2090,2021-10-03,Domingo,1966996.77,91230
2091,2021-10-04,Lunes,2001830.23,96858
2092,2021-10-05,Martes,2090068.67,106648
2093,2021-10-06,Miércoles,2258767.51,113020
2094,2021-10-07,Jueves,2453635.76,118556
2095,2021-10-08,Viernes,2491611.29,120242
2096,2021-10-09,Sábado,2266199.09,116817
2097,2021-10-10,Domingo,1935289.47,93850
2098,2021-10-11,Lunes,1822223.26,86890
2099,2021-10-12,Martes,2170632.56,108054
2100,2021-10-13,Miércoles,2254944.36,112723
2101,2021-10-14,Jueves,2493891.04,121767
2102,2021-10-15,Viernes,2572622.19,124091
2103,2021-10-16,Sábado,2335521.01,121955
2104,2021-10-17,Domingo,2118439.79,100790
2105,2021-10-18,Lunes,2133219.08,103856
2106,2021-10-19,Martes,2197696.31,110716
2107,2021-10-20,Miércoles,2372404.49,119077
2108,2021-10-21,Jueves,2528948.33,122809
2109,2021-10-22,Viernes,2530945.62,122858
2110,2021-10-23,Sábado,2333060.25,119757
2111,2021-10-24,Domingo,2077260.1,98929
2112,2021-10-25,Lunes,2065891.59,99949
2113,2021-10-26,Martes,2016505.19,101866
2114,2021-10-27,Miércoles,2426612.47,119847
2115,2021-10-28,Jueves,2587095.84,125607
2116,2021-10-29,Viernes,2648874.43,130631
2117,2021-10-30,Sábado,2308751.08,119589
2118,2021-10-31,Domingo,2110420.7,102263
2119,2021-11-01,Lunes,411.53,14
2120,2021-11-16,Martes,30.6,2
2121,2021-12-08,Miércoles,27.88,1
2122,2021-10-31,Domingo,1011.85,47
2123,2021-11-01,Lunes,2220274.32,106486
2124,2021-11-02,Martes,2213131.68,115847
2125,2021-11-03,Miércoles,2417255.02,121837
2126,2021-11-04,Jueves,2608809.32,127917
2127,2021-11-05,Viernes,2685987.21,129921
2128,2021-11-06,Sábado,2522553.71,131460
2129,2021-11-07,Domingo,2205981.45,100647
2130,2021-11-08,Lunes,2273000.85,106822
2131,2021-11-09,Martes,2419704.98,118745
2132,2021-11-10,Miércoles,2630522.71,126617
2133,2021-11-11,Jueves,2612379.53,123715
2134,2021-11-12,Viernes,2626567.08,128010
2135,2021-11-13,Sábado,2608377.29,132310
2136,2021-11-14,Domingo,2365904.54,109696
2137,2021-11-15,Lunes,2423519.64,114815
2138,2021-11-16,Martes,2512578.1,122700
2139,2021-11-17,Miércoles,2610318.96,126605
2140,2021-11-18,Jueves,2792572.67,133377
2141,2021-11-19,Viernes,2837751.47,135462
2142,2021-11-20,Sábado,2636559.03,131453
2143,2021-11-21,Domingo,2233377.22,105078
2144,2021-11-22,Lunes,2314106.43,112469
2145,2021-11-23,Martes,2538900.12,120235
2146,2021-11-24,Miércoles,2264835.11,108408
2147,2021-11-25,Jueves,1439736.15,70312
2148,2021-11-26,Viernes,1779629.36,89887
2149,2021-11-27,Sábado,2137334.24,104505
2150,2021-11-28,Domingo,2052436.67,90990
2151,2021-11-29,Lunes,2303880.47,107130
2152,2021-11-30,Martes,2510560.48,119366
2153,2021-12-01,Miércoles,621.52,21
2154,2021-12-18,Sábado,34.68,3
2155,2021-12-19,Domingo,76.39999999999999,2
2156,2021-12-21,Martes,35.54,2
2157,2021-11-30,Martes,1253.94,54
2158,2021-12-01,Miércoles,2554847.58,121986
2159,2021-12-02,Jueves,2739790.48,128647
2160,2021-12-03,Viernes,2836437.05,136231
2161,2021-12-04,Sábado,2658478.89,132392
2162,2021-12-05,Domingo,2412987.89,109654
2163,2021-12-06,Lunes,2395795.75,112665
2164,2021-12-07,Martes,2597753.01,126649
2165,2021-12-08,Miércoles,2749350.63,131662
2166,2021-12-09,Jueves,2887334.96,134724
2167,2021-12-10,Viernes,2879393.97,133497
2168,2021-12-11,Sábado,2647709.58,130247
2169,2021-12-12,Domingo,2384260.35,107167
2170,2021-12-13,Lunes,2353021.46,111299
2171,2021-12-14,Martes,2467388.86,120218
2172,2021-12-15,Miércoles,2583136.34,125048
2173,2021-12-16,Jueves,2669893.21,126270
2174,2021-12-17,Viernes,2635029.68,124147
2175,2021-12-18,Sábado,2186735.18,110279
2176,2021-12-19,Domingo,1933518.33,91200
2177,2021-12-20,Lunes,1944462.22,94213
2178,2021-12-21,Martes,1882461.47,93093
2179,2021-12-22,Miércoles,1853695.52,91699
2180,2021-12-23,Jueves,1770434.14,87850
2181,2021-12-24,Viernes,1327291.09,69619
2182,2021-12-25,Sábado,876040.07,40807
2183,2021-12-26,Domingo,1221675.22,54705
2184,2021-12-27,Lunes,1482914.24,69897
2185,2021-12-28,Martes,1578312.42,75037
2186,2021-12-29,Miércoles,1570342.82,74989
2187,2021-12-30,Jueves,1638215.07,77968
2188,2021-12-31,Viernes,1414858.99,70402
2189,2021-01-31,Domingo,170.86,8
2190,2021-02-01,Lunes,130119.42,6803
2191,2021-02-02,Martes,502990.39,29178
2192,2021-02-03,Miércoles,1001227.8,55440
2193,2021-02-04,Jueves,1117201.95,59326
2194,2021-02-05,Viernes,1041396.58,57770
2195,2021-02-06,Sábado,849422.04,49987
2196,2021-02-07,Domingo,486237.38,27488
2197,2021-02-08,Lunes,916848.29,51729
2198,2021-02-09,Martes,923042.66,52733
2199,2021-02-10,Miércoles,1036861.0,57855
2200,2021-02-11,Jueves,1029083.96,58625
2201,2021-02-12,Viernes,1131851.31,63611
2202,2021-02-13,Sábado,814403.24,48355
2203,2021-02-14,Domingo,692746.24,39672
2204,2021-02-15,Lunes,698125.06,40322
2205,2021-02-16,Martes,913410.53,51211
2206,2021-02-17,Miércoles,1060142.15,60166
2207,2021-02-18,Jueves,652159.18,38121
2208,2021-02-19,Viernes,899473.03,53029
2209,2021-02-20,Sábado,864311.01,51340
2210,2021-02-21,Domingo,661534.11,37119
2211,2021-02-22,Lunes,891851.65,50699
2212,2021-02-23,Martes,1002568.4,57160
2213,2021-02-24,Miércoles,1060569.91,59969
2214,2021-02-25,Jueves,1111262.44,61984
2215,2021-02-26,Viernes,1154726.34,65394
2216,2021-02-27,Sábado,833289.6,48980
2217,2021-02-28,Domingo,675307.4400000001,37612
2218,2021-03-01,Lunes,17.89,2
2219,2021-02-28,Domingo,107.6,7
2220,2021-03-01,Lunes,970698.61,54836
2221,2021-03-02,Martes,1066016.89,61843
2222,2021-03-03,Miércoles,1105674.17,63297
2223,2021-03-04,Jueves,1162846.79,67141
2224,2021-03-05,Viernes,1223708.14,69582
2225,2021-03-06,Sábado,928215.11,55004
2226,2021-03-07,Domingo,707911.45,38947
2227,2021-03-08,Lunes,999191.1,56282
2228,2021-03-09,Martes,1084855.97,62056
2229,2021-03-10,Miércoles,1140563.74,64635
2230,2021-03-11,Jueves,1211553.8,68222
2231,2021-03-12,Viernes,1287181.91,71716
2232,2021-03-13,Sábado,1047065.43,60870
2233,2021-03-14,Domingo,789407.9400000001,43964
2234,2021-03-15,Lunes,1076518.45,61407
2235,2021-03-16,Martes,1144362.84,65479
2236,2021-03-17,Miércoles,1234252.92,71510
2237,2021-03-18,Jueves,1657824.99,71539
2238,2021-03-19,Viernes,1308985.16,74427
2239,2021-03-20,Sábado,1075803.3,61538
2240,2021-03-21,Domingo,841764.59,45124
2241,2021-03-22,Lunes,1088150.27,59959
2242,2021-03-23,Martes,1125300.03,63548
2243,2021-03-24,Miércoles,1201636.15,68659
2244,2021-03-25,Jueves,1250456.96,69841
2245,2021-03-26,Viernes,1342048.12,73535
2246,2021-03-27,Sábado,1207385.11,67392
2247,2021-03-28,Domingo,749072.11,40404
2248,2021-03-29,Lunes,1048538.34,58127
2249,2021-03-30,Martes,1208608.13,66702
2250,2021-03-31,Miércoles,1211506.33,67533
2251,2021-04-01,Jueves,94.98,5
2252,2021-04-14,Miércoles,36.88,3
2253,2021-05-05,Miércoles,45.77,4
2254,2021-05-27,Jueves,53.92,3
2255,2021-03-31,Miércoles,186.39,9
2256,2021-04-01,Jueves,1304525.92,72429
2257,2021-04-02,Viernes,1293156.98,72350
2258,2021-04-03,Sábado,1090643.9,61847
2259,2021-04-04,Domingo,885045.71,46310
2260,2021-04-05,Lunes,1179667.77,62955
2261,2021-04-06,Martes,1303333.79,70472
2262,2021-04-07,Miércoles,1365819.7,74661
2263,2021-04-08,Jueves,1438518.18,77611
2264,2021-04-09,Viernes,1456681.51,78827
2265,2021-04-10,Sábado,1624349.41,68688
2266,2021-04-11,Domingo,884875.64,47584
2267,2021-04-12,Lunes,1298891.57,70272
2268,2021-04-13,Martes,1368016.46,74244
2269,2021-04-14,Miércoles,1405256.59,77296
2270,2021-04-15,Jueves,1469649.56,80429
2271,2021-04-16,Viernes,1538139.49,82456
2272,2021-04-17,Sábado,1324335.33,74101
2273,2021-04-18,Domingo,1024284.26,54143
2274,2021-04-19,Lunes,1249100.54,67688
2275,2021-04-20,Martes,1456073.97,78724
2276,2021-04-21,Miércoles,1425706.95,79367
2277,2021-04-22,Jueves,1524703.43,84344
2278,2021-04-23,Viernes,1568975.59,84623
2279,2021-04-24,Sábado,1427453.99,78858
2280,2021-04-25,Domingo,938965.27,49330
2281,2021-04-26,Lunes,1315839.05,70215
2282,2021-04-27,Martes,1395764.78,76481
2283,2021-04-28,Miércoles,1535227.42,83551
2284,2021-04-29,Jueves,1536371.16,82210
2285,2021-04-30,Viernes,1667249.39,89079
2286,2021-05-01,Sábado,624.02,23
2287,2021-05-16,Domingo,12.96,1
2288,2021-06-06,Domingo,17.3,1
2289,2021-06-27,Domingo,34.19,2
2290,2021-07-19,Lunes,31.02,1
2291,2021-04-30,Viernes,1092.91,62
2292,2021-05-01,Sábado,1455056.54,80694
2293,2021-05-02,Domingo,1176622.88,60957
2294,2021-05-03,Lunes,1402760.11,75261
2295,2021-05-04,Martes,1473721.32,80894
2296,2021-05-05,Miércoles,1582469.51,87025
2297,2021-05-06,Jueves,1668361.76,88472
2298,2021-05-07,Viernes,1747447.96,92383
2299,2021-05-08,Sábado,1429612.37,80021
2300,2021-05-09,Domingo,1240118.4,64461
2301,2021-05-10,Lunes,1406621.06,74390
2302,2021-05-11,Martes,1550769.21,83498
2303,2021-05-12,Miércoles,1616615.99,86867
2304,2021-05-13,Jueves,1572364.23,82527
2305,2021-05-14,Viernes,1779029.54,92518
2306,2021-05-15,Sábado,1648356.48,88865
2307,2021-05-16,Domingo,1308619.63,66386
2308,2021-05-17,Lunes,1385079.24,74097
2309,2021-05-18,Martes,1566019.0,84772
2310,2021-05-19,Miércoles,1708172.06,90733
2311,2021-05-20,Jueves,1792138.92,92693
2312,2021-05-21,Viernes,1826015.88,94927
2313,2021-05-22,Sábado,1717366.31,93359
2314,2021-05-23,Domingo,1392624.76,71494
2315,2021-05-24,Lunes,1547284.37,81403
2316,2021-05-25,Martes,1669051.14,88685
2317,2021-05-26,Miércoles,1782351.93,93364
2318,2021-05-27,Jueves,1805668.71,92463
2319,2021-05-28,Viernes,1712590.42,87929
2320,2021-05-29,Sábado,1180924.13,64946
2321,2021-05-30,Domingo,1035100.74,54240
2322,2021-05-31,Lunes,1175067.39,56691
2323,2021-06-01,Martes,642.8,18
2324,2021-06-16,Miércoles,75.69,4
2325,2021-07-08,Jueves,39.12,1
2326,2021-07-29,Jueves,20.56,2
2327,2021-05-31,Lunes,857.46,29
2328,2021-06-01,Martes,1670767.31,86003
2329,2021-06-02,Miércoles,1767531.17,92571
2330,2021-06-03,Jueves,1831931.17,96504
2331,2021-06-04,Viernes,1853848.47,95589
2332,2021-06-05,Sábado,1820462.63,97983
2333,2021-06-06,Domingo,1535681.45,77633
2334,2021-06-07,Lunes,1697131.49,88869
2335,2021-06-08,Martes,1788447.11,94675
2336,2021-06-09,Miércoles,1873744.38,99484
2337,2021-06-10,Jueves,2016621.3,103981
2338,2021-06-11,Viernes,1918452.92,98321
2339,2021-06-12,Sábado,1779587.28,93963
2340,2021-06-13,Domingo,1496916.75,73784
2341,2021-06-14,Lunes,1695242.25,86939
2342,2021-06-15,Martes,1890917.35,98038
2343,2021-06-16,Miércoles,1958225.89,102171
2344,2021-06-17,Jueves,2078112.88,102964
2345,2021-06-18,Viernes,2008706.48,98994
2346,2021-06-19,Sábado,1810697.71,96406
2347,2021-06-20,Domingo,1558053.81,77945
2348,2021-06-21,Lunes,1758869.85,90870
2349,2021-06-22,Martes,1907247.93,99019
2350,2021-06-23,Miércoles,2004342.36,102895
2351,2021-06-24,Jueves,2083056.67,104639
2352,2021-06-25,Viernes,2068041.98,103294
2353,2021-06-26,Sábado,1911303.39,98690
2354,2021-06-27,Domingo,1607311.16,77377
2355,2021-06-28,Lunes,1779390.67,91543
2356,2021-06-29,Martes,1908102.64,101112
2357,2021-06-30,Miércoles,1938722.66,101885
2358,2021-07-01,Jueves,786.75,28
2359,2021-07-02,Viernes,71.28,3
2360,2021-07-03,Sábado,40.68,2
2361,2021-07-04,Domingo,78.88,1
2362,2021-07-06,Martes,63.1,1
2363,2021-07-08,Jueves,39.12,2
2364,2021-07-19,Lunes,63.13,4
2365,2021-08-09,Lunes,48.86,3
2366,2021-08-31,Martes,33.78,2
2367,2021-09-21,Martes,34.900000000000006,3
2368,2021-10-12,Martes,53.6,3
2369,2021-11-03,Miércoles,28.6,2
2370,2021-11-24,Miércoles,41.22,3
2371,2021-12-15,Miércoles,120.41,5
2372,2021-06-30,Miércoles,801.59,38
2373,2021-07-01,Jueves,1871279.58,93820
2374,2021-07-02,Viernes,1722631.15,87543
2375,2021-07-03,Sábado,1346003.48,71120
2376,2021-07-04,Domingo,1240506.92,60543
2377,2021-07-05,Lunes,1369832.16,64728
2378,2021-07-06,Martes,1708442.53,89456
2379,2021-07-07,Miércoles,1883142.81,97200
2380,2021-07-08,Jueves,1873699.2,94578
2381,2021-07-09,Viernes,1862509.76,93585
2382,2021-07-10,Sábado,1821587.29,93833
2383,2021-07-11,Domingo,1569024.32,75946
2384,2021-07-12,Lunes,1687675.52,84894
2385,2021-07-13,Martes,1870793.82,96611
2386,2021-07-14,Miércoles,2019836.06,104614
2387,2021-07-15,Jueves,2133764.85,105982
2388,2021-07-16,Viernes,2058224.51,102904
2389,2021-07-17,Sábado,1833683.75,95224
2390,2021-07-18,Domingo,1634486.13,77369
2391,2021-07-19,Lunes,1782617.75,88955
2392,2021-07-20,Martes,1806142.33,92406
2393,2021-07-21,Miércoles,1930294.31,98231
2394,2021-07-22,Jueves,2085711.68,103919
2395,2021-07-23,Viernes,2018582.09,99030
2396,2021-07-24,Sábado,1853167.72,93242
2397,2021-07-25,Domingo,1573105.17,75565
2398,2021-07-26,Lunes,1793389.4,89119
2399,2021-07-27,Martes,1908481.62,99331
2400,2021-07-28,Miércoles,1945570.31,99681
2401,2021-07-29,Jueves,1987641.88,99734
2402,2021-07-30,Viernes,2035409.91,99152
2403,2021-07-31,Sábado,1858805.16,93301
2404,2021-08-01,Domingo,799.42,30
2405,2021-08-02,Lunes,15.96,1
2406,2021-07-14,Miércoles,471.17,25
2407,2021-07-15,Jueves,475.12,26
2408,2021-07-16,Viernes,414.23,20
2409,2021-07-17,Sábado,343.96000000000004,18
2410,2021-07-18,Domingo,436.44,15
2411,2021-07-19,Lunes,450.77,20
2412,2021-07-20,Martes,565.66,27
2413,2021-07-21,Miércoles,573.15,40
2414,2021-07-22,Jueves,438.78,21
2415,2021-07-23,Viernes,452.07,19
2416,2021-07-24,Sábado,534.54,24
2417,2021-07-25,Domingo,345.98,15
2418,2021-07-26,Lunes,410.45,13
2419,2021-07-27,Martes,504.42,29
2420,2021-07-28,Miércoles,361.7,21
2421,2021-07-29,Jueves,475.41,26
2422,2021-07-30,Viernes,398.11,10
2423,2021-07-31,Sábado,1886.71,83
2424,2021-08-01,Domingo,1547121.66,73056
2425,2021-08-02,Lunes,1703776.71,83304
2426,2021-08-03,Martes,1853173.72,93910
2427,2021-08-04,Miércoles,1924065.92,97778
2428,2021-08-05,Jueves,1977930.09,99331
2429,2021-08-06,Viernes,1989366.83,97852
2430,2021-08-07,Sábado,1792877.46,90630
2431,2021-08-08,Domingo,1569332.26,74449
2432,2021-08-09,Lunes,1695517.72,83046
2433,2021-08-10,Martes,1869966.24,96402
2434,2021-08-11,Miércoles,1940677.16,100816
2435,2021-08-12,Jueves,2011078.46,99203
2436,2021-08-13,Viernes,2012551.46,99126
2437,2021-08-14,Sábado,1808708.63,91550
2438,2021-08-15,Domingo,1632924.57,76813
2439,2021-08-16,Lunes,1683859.11,82197
2440,2021-08-17,Martes,1786612.44,91749
2441,2021-08-18,Miércoles,1875778.29,95926
2442,2021-08-19,Jueves,2010310.03,99488
2443,2021-08-20,Viernes,2030783.6,99268
2444,2021-08-21,Sábado,1958005.95,98613
2445,2021-08-22,Domingo,1183887.59,53247
2446,2021-08-23,Lunes,1675706.78,80802
2447,2021-08-24,Martes,1853347.05,93733
2448,2021-08-25,Miércoles,1934774.8,98428
2449,2021-08-26,Jueves,2019084.99,101124
2450,2021-08-27,Viernes,1969704.62,96582
2451,2021-08-28,Sábado,1773988.78,89008
2452,2021-08-29,Domingo,1641732.74,73010
2453,2021-08-30,Lunes,1724089.64,84107
2454,2021-08-31,Martes,1868662.72,93683
2455,2021-09-01,Miércoles,542.76,25
2456,2021-08-31,Martes,800.07,33
2457,2021-09-01,Miércoles,1754615.57,88160
2458,2021-09-02,Jueves,2158421.17,93100
2459,2021-09-03,Viernes,2079554.91,95630
2460,2021-09-04,Sábado,1788107.87,88527
2461,2021-09-05,Domingo,2385447.06,74209
2462,2021-09-06,Lunes,1570733.21,71712
2463,2021-09-07,Martes,1825293.94,88673
2464,2021-09-08,Miércoles,2039343.15,102042
2465,2021-09-09,Jueves,2261560.11,105817
2466,2021-09-10,Viernes,2331543.79,109813
2467,2021-09-11,Sábado,2098592.13,107560
2468,2021-09-12,Domingo,1884987.2,87232
2469,2021-09-13,Lunes,2041352.94,95735
2470,2021-09-14,Martes,2051216.87,102209
2471,2021-09-15,Miércoles,2113867.8,106884
2472,2021-09-16,Jueves,1999689.5,102456
2473,2021-09-17,Viernes,2297415.93,110693
2474,2021-09-18,Sábado,2165993.17,111362
2475,2021-09-19,Domingo,1871030.93,88272
2476,2021-09-20,Lunes,1961822.21,92218
2477,2021-09-21,Martes,2010657.13,99868
2478,2021-09-22,Miércoles,2107828.01,105877
2479,2021-09-23,Jueves,2169965.99,104169
2480,2021-09-24,Viernes,2380637.97,109419
2481,2021-09-25,Sábado,2224799.63,112977
2482,2021-09-26,Domingo,1925670.29,91222
2483,2021-09-27,Lunes,1921986.39,93752
2484,2021-09-28,Martes,1949754.19,100970
2485,2021-09-29,Miércoles,2123662.28,108179
2486,2021-09-30,Jueves,2355760.94,114951
2487,2021-10-01,Viernes,837.5,42
